celltype,n_NC,n_AD,subfamily,p_val,avg_log2FC,pct.1,pct.2,p_val_adj
Excit,1210,3545,HUERS-P3-int,3.77E-07,-0.352750619,0.544,0.602,2.26E-05
Excit,1210,3545,HERV9-int,1.05E-06,-0.517177181,0.164,0.233,6.29E-05
Excit,1210,3545,HERVK22-int,4.13E-06,0.379231312,0.537,0.479,0.000247729
Excit,1210,3545,HERVFH21-int,4.97E-06,-0.320992578,0.163,0.226,0.000298409
Excit,1210,3545,PRIMA4-int,6.16E-06,0.373397144,0.513,0.453,0.000369662
Excit,1210,3545,HERVIP10FH-int,8.20E-06,-0.29000854,0.595,0.652,0.000492123
Excit,1210,3545,HERVK11-int,0.000154258,0.228348777,0.54,0.474,0.009255459
Excit,1210,3545,ERVL-E-int,0.001080151,0.126192836,0.912,0.89,0.064809032
Excit,1210,3545,HERVK14-int,0.002666822,0.325370259,0.355,0.312,0.160009314
Excit,1210,3545,MER101-int,0.003637893,0.198194945,0.526,0.489,0.218273597
Excit,1210,3545,HERVE-a-int,0.0039196,0.326286268,0.205,0.163,0.235176009
Excit,1210,3545,HERVK14C-int,0.004564833,0.697943881,0.131,0.101,0.273889999
Excit,1210,3545,HERVK9-int,0.017828741,0.118192232,0.793,0.764,1
Excit,1210,3545,PRIMAX-int,0.027984646,0.228592895,0.079,0.057,1
Excit,1210,3545,PABL-B-int,0.039205058,0.335752605,0.131,0.104,1
Excit,1210,3545,HERV4-I-int,0.047669752,0.206204942,0.399,0.365,1
Excit,1210,3545,ERVL-int,0.060859503,0.039859861,0.245,0.261,1
Excit,1210,3545,HERVS71-int,0.088721092,-0.002450966,0.527,0.562,1
Excit,1210,3545,HERVL18-int,0.097747357,0.107240838,0.098,0.113,1
Excit,1210,3545,MER50-int,0.106500301,0.279554658,0.177,0.164,1
Excit,1210,3545,HERVK-int,0.107443024,0.089616693,0.652,0.648,1
Excit,1210,3545,HERV17-int,0.14670563,-0.101536112,0.542,0.569,1
Excit,1210,3545,HERVK13-int,0.157336459,-0.194243426,0.45,0.476,1
Excit,1210,3545,ERVL-B4-int,0.157797557,0.080319624,0.805,0.79,1
Excit,1210,3545,HERVL74-int,0.158735418,0.088853463,0.337,0.336,1
Excit,1210,3545,LTR46-int,0.165809352,-0.367333857,0.126,0.14,1
Excit,1210,3545,HERV3-int,0.172794181,0.141211651,0.321,0.293,1
Excit,1210,3545,HUERS-P2-int,0.207244043,-0.104154366,0.091,0.107,1
Excit,1210,3545,HERVE-int,0.234358563,0.008866323,0.342,0.364,1
Excit,1210,3545,Harlequin-int,0.259037961,-4.04E-05,0.92,0.905,1
Excit,1210,3545,HERVP71A-int,0.348185102,-0.08741136,0.452,0.472,1
Excit,1210,3545,LTR57-int,0.366696259,0.267462835,0.114,0.099,1
Excit,1210,3545,HUERS-P3b-int,0.422297459,0.027377217,0.381,0.366,1
Excit,1210,3545,PABL-A-int,0.448642468,0.114856739,0.18,0.164,1
Excit,1210,3545,PRIMA41-int,0.481456859,-0.076313229,0.391,0.411,1
Excit,1210,3545,MER34B-int,0.485036671,0.094847606,0.191,0.178,1
Excit,1210,3545,ERV3-16A3-I-int,0.49096458,-0.056411719,0.829,0.836,1
Excit,1210,3545,MER41-int,0.497857688,-0.033373068,0.765,0.781,1
Excit,1210,3545,HERVH-int,0.498003257,-0.037009269,0.785,0.774,1
Excit,1210,3545,LTR25-int,0.525890642,-0.005665101,0.634,0.651,1
Excit,1210,3545,HERVL-int,0.567557635,-0.001489914,0.799,0.788,1
Excit,1210,3545,MER4-int,0.575183056,-0.047309716,0.814,0.822,1
Excit,1210,3545,HERVK3-int,0.599224864,-0.052062214,0.364,0.38,1
Excit,1210,3545,HUERS-P1-int,0.627053104,0.029099453,0.373,0.376,1
Excit,1210,3545,MER61-int,0.660710651,0.064999347,0.574,0.567,1
Excit,1210,3545,HERVL40-int,0.705446377,0.069607912,0.561,0.551,1
Excit,1210,3545,HERVIP10F-int,0.770514309,-0.042786956,0.657,0.661,1
Excit,1210,3545,HERVH48-int,0.782913363,-0.052244527,0.11,0.117,1
Excit,1210,3545,HERVL66-int,0.842925916,-0.047680466,0.059,0.063,1
Excit,1210,3545,LTR19-int,0.865727779,0.028328338,0.192,0.192,1
Excit,1210,3545,MER4B-int,0.866219395,-0.015483709,0.719,0.726,1
Excit,1210,3545,HERVI-int,0.875965777,-0.231388479,0.099,0.104,1
Oligo,13647,20344,HERVIP10F-int,3.04E-23,-0.319794067,0.294,0.333,1.83E-21
Oligo,13647,20344,HERVK-int,3.25E-16,-0.22705686,0.381,0.417,1.95E-14
Oligo,13647,20344,MER61-int,2.32E-11,-0.196735369,0.355,0.388,1.39E-09
Oligo,13647,20344,Harlequin-int,1.20E-08,-0.103243083,0.654,0.658,7.23E-07
Oligo,13647,20344,HERV17-int,6.57E-07,-0.169329747,0.292,0.317,3.94E-05
Oligo,13647,20344,HERVE-int,3.63E-06,-0.346337862,0.067,0.08,0.000217674
Oligo,13647,20344,HERVK9-int,6.09E-06,0.112605042,0.329,0.305,0.000365642
Oligo,13647,20344,HERVL-int,6.66E-06,0.069599344,0.396,0.37,0.000399521
Oligo,13647,20344,HERVH-int,6.86E-06,-0.122188604,0.452,0.464,0.00041169
Oligo,13647,20344,MER101-int,1.04E-05,0.184188061,0.15,0.132,0.000623844
Oligo,13647,20344,MER4B-int,1.22E-05,0.049229856,0.462,0.436,0.000730927
Oligo,13647,20344,ERV3-16A3-I-int,4.14E-05,-0.10714863,0.496,0.51,0.002483331
Oligo,13647,20344,ERVL-B4-int,0.000100017,0.040848454,0.46,0.436,0.006001022
Oligo,13647,20344,HERVK22-int,0.000163966,0.098108623,0.203,0.185,0.009837956
Oligo,13647,20344,LTR25-int,0.000175275,0.186487345,0.126,0.112,0.010516509
Oligo,13647,20344,HERVE-a-int,0.000657374,-0.225136409,0.073,0.084,0.039442444
Oligo,13647,20344,LTR57-int,0.002233071,0.204860414,0.08,0.07,0.133984269
Oligo,13647,20344,PABL-B-int,0.003654134,-0.165564291,0.073,0.075,0.219248041
Oligo,13647,20344,HERVK11-int,0.004136632,-0.180818038,0.125,0.135,0.248197937
Oligo,13647,20344,HUERS-P3-int,0.004624253,-0.187640616,0.095,0.106,0.277455186
Oligo,13647,20344,ERVL-E-int,0.008572464,0.023022057,0.581,0.564,0.514347826
Oligo,13647,20344,HERV3-int,0.014459377,-0.039669922,0.092,0.088,0.867562632
Oligo,13647,20344,HERVS71-int,0.015499579,-0.142326419,0.093,0.102,0.929974744
Oligo,13647,20344,HUERS-P2-int,0.021703247,-0.204788753,0.047,0.054,1
Oligo,13647,20344,HERVK14-int,0.021752644,0.11198353,0.095,0.086,1
Oligo,13647,20344,ERVL-int,0.036178653,-0.083472453,0.062,0.06,1
Oligo,13647,20344,HERVL40-int,0.041434671,-0.094601167,0.292,0.3,1
Oligo,13647,20344,HERVL18-int,0.041835517,-0.223052467,0.045,0.05,1
Oligo,13647,20344,HERV4-I-int,0.059750634,0.097511851,0.116,0.108,1
Oligo,13647,20344,MER41-int,0.06467299,-0.00060463,0.473,0.461,1
Oligo,13647,20344,MER4-int,0.078744413,-0.010402235,0.486,0.477,1
Oligo,13647,20344,PRIMA4-int,0.087916582,0.066459386,0.069,0.064,1
Oligo,13647,20344,MER34B-int,0.129338441,-0.137316933,0.074,0.076,1
Oligo,13647,20344,HERVK13-int,0.191624911,-0.087576064,0.174,0.176,1
Oligo,13647,20344,HUERS-P1-int,0.208709831,0.059030447,0.149,0.143,1
Oligo,13647,20344,HERV9-int,0.224915174,-0.116827383,0.122,0.125,1
Oligo,13647,20344,PRIMA41-int,0.250249158,-0.080965014,0.099,0.104,1
Oligo,13647,20344,HERVIP10FH-int,0.314113315,-0.015430525,0.437,0.434,1
Oligo,13647,20344,HERVP71A-int,0.419804932,-0.082446414,0.152,0.155,1
Oligo,13647,20344,HERVK3-int,0.463471728,-0.0122335,0.113,0.11,1
Oligo,13647,20344,HUERS-P3b-int,0.990907654,-0.028589448,0.122,0.123,1
Astro,1613,2752,HERVK11-int,5.60E-11,-0.670771915,0.189,0.269,3.36E-09
Astro,1613,2752,Harlequin-int,1.53E-07,-0.167844976,0.827,0.815,9.18E-06
Astro,1613,2752,HERVK-int,7.72E-06,-0.267594456,0.653,0.668,0.00046296
Astro,1613,2752,MER4-int,3.93E-05,-0.193899455,0.7,0.704,0.002360048
Astro,1613,2752,HERVH-int,5.19E-05,-0.267900446,0.528,0.556,0.003116759
Astro,1613,2752,HERVK9-int,9.94E-05,-0.163684192,0.722,0.74,0.00596676
Astro,1613,2752,HERVK22-int,0.000136981,-0.271462555,0.29,0.281,0.008218843
Astro,1613,2752,HERVS71-int,0.000591126,-0.428493032,0.176,0.22,0.035467577
Astro,1613,2752,HERV17-int,0.00068397,-0.338247884,0.26,0.301,0.041038222
Astro,1613,2752,HERVK14C-int,0.001523,-0.429926195,0.146,0.15,0.09138
Astro,1613,2752,ERVL-E-int,0.007836805,-0.149699059,0.692,0.703,0.470208299
Astro,1613,2752,LTR46-int,0.019891713,-0.618299385,0.064,0.078,1
Astro,1613,2752,HERVP71A-int,0.038789689,-0.331761655,0.21,0.24,1
Astro,1613,2752,HERV4-I-int,0.043416571,-0.201979905,0.263,0.263,1
Astro,1613,2752,HERVL-int,0.058325679,-0.128733324,0.574,0.577,1
Astro,1613,2752,MER50-int,0.069276717,-0.308628769,0.054,0.055,1
Astro,1613,2752,ERV3-16A3-I-int,0.077131451,-0.104806275,0.577,0.586,1
Astro,1613,2752,HERVK3-int,0.084631878,-0.210826793,0.201,0.205,1
Astro,1613,2752,MER41-int,0.10809407,-0.095096224,0.523,0.519,1
Astro,1613,2752,HERVK13-int,0.112627511,-0.169748217,0.262,0.267,1
Astro,1613,2752,HERVK14-int,0.120399483,0.235133258,0.223,0.2,1
Astro,1613,2752,MER101-int,0.127636697,-0.067940156,0.306,0.295,1
Astro,1613,2752,HUERS-P3b-int,0.136271351,-0.124032148,0.21,0.204,1
Astro,1613,2752,PRIMA4-int,0.149876527,-0.25221158,0.238,0.259,1
Astro,1613,2752,HERVIP10F-int,0.154551332,-0.0474984,0.261,0.247,1
Astro,1613,2752,HERV9-int,0.250546582,-0.38434852,0.101,0.111,1
Astro,1613,2752,HUERS-P3-int,0.266632823,-0.21902018,0.206,0.223,1
Astro,1613,2752,HERVIP10FH-int,0.292954124,-0.093419546,0.399,0.399,1
Astro,1613,2752,MER61-int,0.30516044,-0.162958554,0.177,0.18,1
Astro,1613,2752,MER4B-int,0.311487603,-0.028426691,0.525,0.513,1
Astro,1613,2752,HERVFH21-int,0.362594678,0.133530527,0.05,0.055,1
Astro,1613,2752,PRIMA41-int,0.380562055,0.129301925,0.278,0.26,1
Astro,1613,2752,LTR19-int,0.393042913,-0.13120016,0.061,0.054,1
Astro,1613,2752,HERV3-int,0.417219579,0.001061795,0.447,0.429,1
Astro,1613,2752,HERVE-int,0.462019958,0.18135579,0.094,0.094,1
Astro,1613,2752,ERVL-int,0.469700986,-0.208934285,0.068,0.073,1
Astro,1613,2752,HERVL40-int,0.489939309,0.005211741,0.267,0.254,1
Astro,1613,2752,LTR57-int,0.495844357,0.085327067,0.064,0.058,1
Astro,1613,2752,LTR25-int,0.511323612,0.082605213,0.433,0.428,1
Astro,1613,2752,HUERS-P1-int,0.566918865,-0.158169878,0.232,0.239,1
Astro,1613,2752,HERVL74-int,0.576202644,-0.233402779,0.066,0.069,1
Astro,1613,2752,PABL-A-int,0.63497343,-0.132112847,0.085,0.09,1
Astro,1613,2752,ERVL-B4-int,0.693801601,-0.071922728,0.423,0.43,1
Astro,1613,2752,HERVH48-int,0.737184616,0.035500192,0.065,0.071,1
Astro,1613,2752,HERVE-a-int,0.738097113,-0.011951237,0.08,0.075,1
Astro,1613,2752,MER34B-int,0.898714901,-0.110419744,0.097,0.1,1
Inhib,1560,3845,ERVL-E-int,8.02E-05,-0.058242724,0.841,0.807,0.00481096
Inhib,1560,3845,Harlequin-int,0.000229888,0.016304462,0.871,0.831,0.013793272
Inhib,1560,3845,HERVK9-int,0.00032573,0.152641685,0.672,0.621,0.019543809
Inhib,1560,3845,LTR25-int,0.000812146,-0.336768673,0.47,0.504,0.048728733
Inhib,1560,3845,HERVP71A-int,0.005719413,-0.35695536,0.314,0.332,0.343164805
Inhib,1560,3845,MER101-int,0.009325755,0.028360665,0.435,0.392,0.559545324
Inhib,1560,3845,HERVFH21-int,0.012360287,-0.454034513,0.113,0.142,0.741617193
Inhib,1560,3845,PABL-A-int,0.013412981,0.283956419,0.099,0.074,0.804778847
Inhib,1560,3845,MER34B-int,0.01611986,0.28635288,0.219,0.191,0.967191589
Inhib,1560,3845,HERVK14-int,0.019619814,0.220544918,0.237,0.215,1
Inhib,1560,3845,ERV3-16A3-I-int,0.021331099,-0.136558023,0.682,0.679,1
Inhib,1560,3845,MER4B-int,0.022646051,-0.049084882,0.611,0.583,1
Inhib,1560,3845,PABL-B-int,0.023325255,0.235962901,0.07,0.051,1
Inhib,1560,3845,HERVH-int,0.02389463,-0.101208174,0.602,0.585,1
Inhib,1560,3845,MER50-int,0.028724558,0.005530823,0.104,0.082,1
Inhib,1560,3845,HERVIP10F-int,0.032858189,-0.057813869,0.569,0.544,1
Inhib,1560,3845,HERVL40-int,0.034016308,0.061618107,0.459,0.421,1
Inhib,1560,3845,HERVK14C-int,0.036972137,0.200792403,0.133,0.109,1
Inhib,1560,3845,MER41-int,0.037781884,0.084907325,0.637,0.603,1
Inhib,1560,3845,LTR57-int,0.039293784,0.232477296,0.108,0.086,1
Inhib,1560,3845,ERVL-B4-int,0.055042137,-0.079857631,0.681,0.667,1
Inhib,1560,3845,HUERS-P2-int,0.066357858,-0.696356695,0.039,0.053,1
Inhib,1560,3845,HERVS71-int,0.082505208,0.130022269,0.405,0.403,1
Inhib,1560,3845,LTR19-int,0.100185545,0.423357321,0.081,0.067,1
Inhib,1560,3845,HERV3-int,0.11303602,0.087155941,0.329,0.3,1
Inhib,1560,3845,HERV17-int,0.130723643,-0.181622064,0.369,0.379,1
Inhib,1560,3845,PRIMA4-int,0.202638795,-0.094527332,0.463,0.445,1
Inhib,1560,3845,MER4-int,0.207020899,-0.034004924,0.707,0.692,1
Inhib,1560,3845,MER61-int,0.2433117,0.092585066,0.368,0.357,1
Inhib,1560,3845,HERVIP10FH-int,0.272232882,-0.090944432,0.506,0.503,1
Inhib,1560,3845,HERVK22-int,0.27538697,-0.15271279,0.418,0.406,1
Inhib,1560,3845,LTR46-int,0.285142533,-0.290143818,0.127,0.143,1
Inhib,1560,3845,HERVE-a-int,0.295379094,0.056965454,0.14,0.124,1
Inhib,1560,3845,HERVE-int,0.304587419,-0.209410498,0.19,0.187,1
Inhib,1560,3845,HERVK-int,0.346002533,-0.013367061,0.625,0.608,1
Inhib,1560,3845,HERVK3-int,0.383058034,-0.187175718,0.285,0.298,1
Inhib,1560,3845,HERVI-int,0.443769675,-0.244556337,0.076,0.081,1
Inhib,1560,3845,HERVL-int,0.445220113,0.007612546,0.641,0.625,1
Inhib,1560,3845,HERVL74-int,0.459042289,0.16583554,0.135,0.128,1
Inhib,1560,3845,HERV9-int,0.518507572,-0.235221523,0.155,0.166,1
Inhib,1560,3845,HERVH48-int,0.689927336,-0.201743249,0.106,0.113,1
Inhib,1560,3845,HERVK11-int,0.733456056,-0.036672071,0.301,0.301,1
Inhib,1560,3845,HERV4-I-int,0.764453072,-0.11061635,0.282,0.292,1
Inhib,1560,3845,HUERS-P1-int,0.787088347,-0.004329244,0.266,0.256,1
Inhib,1560,3845,HERVK13-int,0.842603127,-0.120850394,0.331,0.333,1
Inhib,1560,3845,HUERS-P3-int,0.874462575,-0.045645492,0.409,0.415,1
Inhib,1560,3845,ERVL-int,0.901310797,-0.056995265,0.132,0.136,1
Inhib,1560,3845,PRIMA41-int,0.909682361,-0.044550988,0.254,0.249,1
Inhib,1560,3845,HUERS-P3b-int,0.913588278,-0.088916164,0.224,0.224,1
Endo,155,303,PRIMA41-int,0.00365026,1.456787774,0.162,0.058,0.219015602
Endo,155,303,HERVK9-int,0.043868447,0.382604456,0.373,0.258,1
Endo,155,303,HERVK14C-int,0.053728464,1.339444621,0.056,0.013,1
Endo,155,303,MER4B-int,0.084325412,0.404722745,0.366,0.265,1
Endo,155,303,HERVL-int,0.092296369,0.39071102,0.35,0.252,1
Endo,155,303,HERVK11-int,0.116791358,1.087793957,0.089,0.039,1
Endo,155,303,Harlequin-int,0.124259152,0.18863711,0.512,0.413,1
Endo,155,303,MER4-int,0.170396149,0.223530232,0.446,0.361,1
Endo,155,303,HUERS-P3b-int,0.181082396,0.248110205,0.089,0.045,1
Endo,155,303,MER101-int,0.261967189,0.752035815,0.188,0.129,1
Endo,155,303,HERVK3-int,0.312735615,1.006824337,0.129,0.084,1
Endo,155,303,HERV4-I-int,0.31644068,-0.637316657,0.106,0.155,1
Endo,155,303,HERVK22-int,0.393462546,0.594481483,0.125,0.084,1
Endo,155,303,MER61-int,0.410083211,0.389456292,0.139,0.097,1
Endo,155,303,MER41-int,0.468643679,-0.248379905,0.337,0.316,1
Endo,155,303,HERVL40-int,0.505806079,0.376745502,0.162,0.123,1
Endo,155,303,HERVK-int,0.512767024,0.014382959,0.215,0.181,1
Endo,155,303,ERV3-16A3-I-int,0.572688654,0.332517184,0.284,0.239,1
Endo,155,303,ERVL-E-int,0.596634179,-0.005016754,0.406,0.374,1
Endo,155,303,HUERS-P1-int,0.635197509,-0.468310934,0.125,0.11,1
Endo,155,303,HERVS71-int,0.645378654,0.990344965,0.073,0.052,1
Endo,155,303,HERVE-int,0.660199278,0.124790949,0.04,0.058,1
Endo,155,303,HERVIP10FH-int,0.686963265,0.413739535,0.208,0.174,1
Endo,155,303,HERV17-int,0.690852551,0.335364833,0.228,0.194,1
Endo,155,303,LTR25-int,0.73748115,0.415988541,0.099,0.077,1
Endo,155,303,PABL-A-int,0.74223675,-0.574290847,0.053,0.071,1
Endo,155,303,ERVL-int,0.78993305,0.62324959,0.053,0.039,1
Endo,155,303,MER34B-int,0.794866155,-0.040083287,0.059,0.045,1
Endo,155,303,HERVK14-int,0.796656281,-0.533335978,0.106,0.11,1
Endo,155,303,HERVIP10F-int,0.806655555,-0.027989356,0.129,0.11,1
Endo,155,303,ERVL-B4-int,0.849667466,-0.021479344,0.34,0.323,1
Endo,155,303,HUERS-P3-int,0.85406397,0.728893862,0.086,0.077,1
Endo,155,303,HERV9-int,0.905388761,-0.71213319,0.059,0.065,1
Endo,155,303,HERV3-int,0.913015269,-0.134820362,0.135,0.129,1
Endo,155,303,HERVP71A-int,0.956630682,0.094397172,0.102,0.11,1
Endo,155,303,PRIMA4-int,0.981323969,0.200955275,0.102,0.097,1
Endo,155,303,HERVK13-int,0.982621229,0.185274405,0.129,0.123,1
Endo,155,303,HERVH-int,0.99400321,0.035351534,0.284,0.284,1
Mic,1274,2512,HERV9-int,1.12E-11,-0.8814841,0.164,0.252,6.70E-10
Mic,1274,2512,ERVL-B4-int,2.76E-05,0.290009979,0.406,0.33,0.001655447
Mic,1274,2512,Harlequin-int,0.000692194,-0.139614388,0.658,0.713,0.041531627
Mic,1274,2512,HERVIP10F-int,0.005842199,0.003804986,0.16,0.133,0.350531966
Mic,1274,2512,MER34B-int,0.006033321,0.179783456,0.49,0.435,0.361999265
Mic,1274,2512,HUERS-P3b-int,0.006411252,0.40877348,0.102,0.071,0.384675121
Mic,1274,2512,LTR25-int,0.008746619,0.005991738,0.178,0.152,0.524797148
Mic,1274,2512,HERVH-int,0.010105847,0.151479341,0.413,0.364,0.606350825
Mic,1274,2512,MER101-int,0.011549745,0.032917062,0.151,0.13,0.692984671
Mic,1274,2512,MER41-int,0.01653655,0.214107969,0.284,0.241,0.992193008
Mic,1274,2512,ERV3-16A3-I-int,0.016541858,-0.166751885,0.398,0.41,0.992511493
Mic,1274,2512,HERVK9-int,0.032456269,-0.053631351,0.32,0.305,1
Mic,1274,2512,HERVS71-int,0.034380873,-0.378734816,0.145,0.166,1
Mic,1274,2512,HERV3-int,0.034918551,-0.415420142,0.127,0.145,1
Mic,1274,2512,HERVE-int,0.046551873,-0.342818126,0.063,0.068,1
Mic,1274,2512,HERVK-int,0.049830103,-0.311061122,0.198,0.225,1
Mic,1274,2512,ERVL-E-int,0.05365414,0.127410713,0.396,0.359,1
Mic,1274,2512,HERVL-int,0.073966968,-0.021785427,0.29,0.267,1
Mic,1274,2512,HERV17-int,0.079785705,-0.159197047,0.202,0.2,1
Mic,1274,2512,MER61-int,0.104032592,-0.336031914,0.093,0.111,1
Mic,1274,2512,HERVIP10FH-int,0.114920608,0.044370528,0.284,0.261,1
Mic,1274,2512,HERVK3-int,0.16329669,-0.16936079,0.105,0.101,1
Mic,1274,2512,HUERS-P3-int,0.176302478,-0.327339102,0.066,0.071,1
Mic,1274,2512,PRIMA4-int,0.250424951,-0.220810471,0.054,0.053,1
Mic,1274,2512,HERVE-a-int,0.294187226,0.121739844,0.066,0.056,1
Mic,1274,2512,HERVK14-int,0.338443292,0.130539614,0.058,0.047,1
Mic,1274,2512,HERVK22-int,0.457168575,-0.195996594,0.11,0.109,1
Mic,1274,2512,PRIMA41-int,0.483626461,-0.006968405,0.101,0.097,1
Mic,1274,2512,HERVK13-int,0.518015525,-0.112872339,0.101,0.101,1
Mic,1274,2512,MER4-int,0.546107515,-0.047970397,0.41,0.411,1
Mic,1274,2512,HERVL40-int,0.548679248,0.102203161,0.195,0.182,1
Mic,1274,2512,HERV4-I-int,0.608353477,-0.115289343,0.125,0.136,1
Mic,1274,2512,HUERS-P1-int,0.629083158,0.18031972,0.06,0.056,1
Mic,1274,2512,HERVK11-int,0.660870047,-0.193090813,0.045,0.052,1
Mic,1274,2512,MER4B-int,0.695053206,0.01190616,0.36,0.347,1
Mic,1274,2512,HERVP71A-int,0.993429178,-0.043929694,0.061,0.061,1
OPC,964,1599,HERVE-int,9.66E-06,-0.447599054,0.348,0.427,0.000579538
OPC,964,1599,HERVH-int,9.25E-05,-0.301100351,0.595,0.657,0.005550582
OPC,964,1599,HUERS-P3-int,0.000802071,-0.48077707,0.25,0.289,0.04812426
OPC,964,1599,LTR25-int,0.003718052,-0.1383143,0.419,0.482,0.223083091
OPC,964,1599,PABL-A-int,0.013454455,0.428259375,0.098,0.066,0.807267277
OPC,964,1599,MER4-int,0.020542906,-0.170922018,0.662,0.7,1
OPC,964,1599,ERV3-16A3-I-int,0.023710747,0.028946915,0.648,0.676,1
OPC,964,1599,HERVIP10F-int,0.025177264,-0.296603855,0.33,0.353,1
OPC,964,1599,HERVS71-int,0.029811161,-0.236511868,0.307,0.358,1
OPC,964,1599,ERVL-B4-int,0.040432574,0.137760491,0.704,0.677,1
OPC,964,1599,HERV9-int,0.047651711,0.065561485,0.095,0.109,1
OPC,964,1599,HERVK13-int,0.052828715,-0.32505305,0.206,0.241,1
OPC,964,1599,MER101-int,0.057482495,-0.158416022,0.339,0.385,1
OPC,964,1599,HUERS-P1-int,0.06032308,0.230090585,0.211,0.173,1
OPC,964,1599,LTR46-int,0.060951183,-0.480261257,0.094,0.121,1
OPC,964,1599,MER4B-int,0.083265296,0.082826315,0.532,0.536,1
OPC,964,1599,HERVK22-int,0.091689799,0.238540145,0.322,0.282,1
OPC,964,1599,HERVK11-int,0.134693147,0.220882423,0.397,0.362,1
OPC,964,1599,HERVL-int,0.179704665,0.122093808,0.617,0.587,1
OPC,964,1599,HERVK14C-int,0.193764985,-0.060460971,0.082,0.094,1
OPC,964,1599,HERVFH21-int,0.198576611,-0.435388526,0.061,0.078,1
OPC,964,1599,HERVK9-int,0.230974867,0.098332374,0.636,0.629,1
OPC,964,1599,PABL-B-int,0.239706653,-0.394322915,0.048,0.054,1
OPC,964,1599,HERVH48-int,0.349340538,-0.441456117,0.076,0.091,1
OPC,964,1599,HERVL40-int,0.379612391,-0.070238846,0.5,0.528,1
OPC,964,1599,HERV3-int,0.432950787,-0.042956799,0.334,0.355,1
OPC,964,1599,HERV17-int,0.433985484,-0.114538231,0.335,0.359,1
OPC,964,1599,HERVL74-int,0.448681214,-0.322142934,0.067,0.08,1
OPC,964,1599,MER61-int,0.457671895,-0.0580021,0.369,0.362,1
OPC,964,1599,HERVK14-int,0.498760563,0.033071255,0.156,0.161,1
OPC,964,1599,ERVL-int,0.564239039,0.171865537,0.111,0.103,1
OPC,964,1599,HERV4-I-int,0.573084411,-0.072968278,0.344,0.356,1
OPC,964,1599,MER34B-int,0.585996509,-0.363796017,0.086,0.095,1
OPC,964,1599,Harlequin-int,0.598447982,-0.00639735,0.88,0.868,1
OPC,964,1599,LTR57-int,0.637266975,0.088379938,0.107,0.096,1
OPC,964,1599,HUERS-P3b-int,0.643056232,0.159932775,0.197,0.188,1
OPC,964,1599,ERVL-E-int,0.644371003,0.027939347,0.831,0.818,1
OPC,964,1599,HERVI-int,0.654454802,0.087235754,0.079,0.08,1
OPC,964,1599,MER50-int,0.667865904,0.191062665,0.079,0.071,1
OPC,964,1599,LTR19-int,0.725451344,0.200352142,0.087,0.081,1
OPC,964,1599,HERVE-a-int,0.732535925,0.088211746,0.151,0.14,1
OPC,964,1599,HERVK-int,0.737108679,0.046800657,0.552,0.544,1
OPC,964,1599,MER41-int,0.743406976,-0.009795239,0.632,0.619,1
OPC,964,1599,PRIMA41-int,0.811437588,-0.114373387,0.194,0.202,1
OPC,964,1599,PRIMA4-int,0.828613916,-0.191434202,0.159,0.162,1
OPC,964,1599,HERVIP10FH-int,0.829923708,-0.040828336,0.453,0.465,1
OPC,964,1599,HERVP71A-int,0.854572655,-0.009653239,0.232,0.238,1
OPC,964,1599,HERVK3-int,0.884203729,-0.068825049,0.305,0.309,1
All,20423,34900,HERVIP10F-int,6.58E-55,-0.248529987,0.349,0.348,3.95E-53
All,20423,34900,HERVK-int,2.26E-43,-0.215776648,0.45,0.457,1.35E-41
All,20423,34900,MER61-int,6.25E-41,-0.251662685,0.345,0.359,3.75E-39
All,20423,34900,PRIMA4-int,4.68E-40,0.182869647,0.174,0.136,2.81E-38
All,20423,34900,HERVK22-int,1.15E-39,0.058142727,0.265,0.226,6.93E-38
All,20423,34900,MER101-int,1.16E-38,0.162179429,0.241,0.198,6.94E-37
All,20423,34900,HERVK9-int,2.15E-38,0.098911073,0.459,0.406,1.29E-36
All,20423,34900,HERVL-int,1.47E-35,0.052872125,0.48,0.433,8.80E-34
All,20423,34900,HERVH-int,2.61E-35,-0.125617353,0.511,0.5,1.56E-33
All,20423,34900,HERV17-int,4.59E-29,-0.213686497,0.318,0.329,2.75E-27
All,20423,34900,MER4B-int,1.00E-28,0.002978524,0.504,0.468,6.01E-27
All,20423,34900,ERVL-B4-int,1.21E-28,0.054523829,0.523,0.478,7.28E-27
All,20423,34900,LTR25-int,2.23E-26,0.148318978,0.257,0.219,1.34E-24
All,20423,34900,HERVL40-int,2.43E-26,-0.09048097,0.337,0.323,1.46E-24
All,20423,34900,HERV3-int,7.24E-26,-0.006266778,0.183,0.159,4.35E-24
All,20423,34900,MER4-int,1.91E-25,-0.038240375,0.563,0.537,1.14E-23
All,20423,34900,MER41-int,5.51E-25,-0.023839505,0.517,0.488,3.31E-23
All,20423,34900,HERVK11-int,9.14E-25,-0.088865096,0.198,0.183,5.48E-23
All,20423,34900,HUERS-P3-int,8.60E-24,-0.088950143,0.189,0.174,5.16E-22
All,20423,34900,HERVK14-int,3.32E-23,0.170057849,0.147,0.12,1.99E-21
All,20423,34900,ERV3-16A3-I-int,5.53E-23,-0.10020229,0.555,0.548,3.32E-21
All,20423,34900,HERVIP10FH-int,5.04E-22,-0.095333202,0.446,0.438,3.02E-20
All,20423,34900,HERVK13-int,8.94E-22,-0.120356847,0.222,0.211,5.37E-20
All,20423,34900,PABL-A-int,2.88E-21,0.229528295,0.072,0.054,1.73E-19
All,20423,34900,HERV4-I-int,1.04E-20,0.03517916,0.186,0.163,6.27E-19
All,20423,34900,Harlequin-int,6.52E-20,-0.057071081,0.728,0.71,3.91E-18
All,20423,34900,ERVL-E-int,6.45E-19,0.055706132,0.648,0.611,3.87E-17
All,20423,34900,PABL-B-int,1.22E-18,-0.233557751,0.068,0.065,7.33E-17
All,20423,34900,HERVP71A-int,1.65E-18,-0.117798188,0.202,0.192,9.91E-17
All,20423,34900,HERVK14C-int,2.03E-18,0.099169811,0.067,0.053,1.22E-16
All,20423,34900,HUERS-P3b-int,9.68E-18,-0.005181068,0.168,0.151,5.81E-16
All,20423,34900,HERVE-int,2.68E-17,-0.215023389,0.123,0.122,1.61E-15
All,20423,34900,HERVK3-int,4.30E-17,-0.034173385,0.173,0.157,2.58E-15
All,20423,34900,HERVL74-int,1.20E-16,0.19481154,0.084,0.066,7.22E-15
All,20423,34900,MER50-int,3.56E-16,0.219791127,0.057,0.042,2.14E-14
All,20423,34900,HUERS-P1-int,2.10E-15,0.011853972,0.187,0.169,1.26E-13
All,20423,34900,PRIMA41-int,7.60E-14,0.006119771,0.165,0.149,4.56E-12
All,20423,34900,HERVE-a-int,7.75E-14,-0.140102416,0.097,0.092,4.65E-12
All,20423,34900,LTR19-int,5.01E-13,0.015948139,0.057,0.047,3.01E-11
All,20423,34900,HERV9-int,2.11E-12,-0.324274259,0.129,0.14,1.27E-10
All,20423,34900,ERVL-int,3.85E-12,-0.080430638,0.089,0.08,2.31E-10
All,20423,34900,LTR57-int,3.93E-11,0.103310192,0.082,0.07,2.36E-09
All,20423,34900,HERVS71-int,8.65E-11,-0.005079538,0.191,0.177,5.19E-09
All,20423,34900,MER34B-int,2.34E-10,0.156461269,0.134,0.116,1.40E-08
All,20423,34900,LTR46-int,3.61E-08,-0.25288037,0.054,0.053,2.17E-06
All,20423,34900,HERVFH21-int,3.63E-05,-0.290126096,0.058,0.061,0.002176189
All,20423,34900,HERVH48-int,6.37E-05,-0.094568926,0.054,0.052,0.003823366
All,20423,34900,HUERS-P2-int,0.000167298,-0.272756302,0.047,0.052,0.010037906
