"ID","Description","GeneRatio","BgRatio","RichFactor","FoldEnrichment","zScore","pvalue","p.adjust","qvalue","geneID","Count"
"GO:0051607","defense response to virus","4/7","95/3915",0.0421052631578947,23.5488721804511,9.41536366462227,1.07761263175643e-05,0.00581910821148471,0.00391343534690492,"MX2/IFI44L/MX1/TLR2",4
"GO:0009615","response to virus","4/7","139/3915",0.0287769784172662,16.0945529290853,7.66820677225918,4.90356240644928e-05,0.0132396184974131,0.00890383700118422,"MX2/IFI44L/MX1/TLR2",4
"GO:0140546","defense response to symbiont","5/7","332/3915",0.0150602409638554,8.42297762478485,5.98282007680884,7.75416523295837e-05,0.0139574974193251,0.00938662107147592,"MX2/IFI44L/PRKCE/MX1/TLR2",5
"GO:0098542","defense response to other organism","5/7","357/3915",0.0140056022408964,7.83313325330132,5.73103656489705,0.000110441476426856,0.0149095993176256,0.0100269235177014,"MX2/IFI44L/PRKCE/MX1/TLR2",5
"GO:0043207","response to external biotic stimulus","5/7","446/3915",0.0112107623318386,6.27001921844971,5.00333556874061,0.00032431279539031,0.0291881515851279,0.0196294586683609,"MX2/IFI44L/PRKCE/MX1/TLR2",5
"GO:0051707","response to other organism","5/7","446/3915",0.0112107623318386,6.27001921844971,5.00333556874061,0.00032431279539031,0.0291881515851279,0.0196294586683609,"MX2/IFI44L/PRKCE/MX1/TLR2",5
"GO:0009607","response to biotic stimulus","5/7","462/3915",0.0108225108225108,6.05287569573284,4.89376900700936,0.000384215013932917,0.0296394439319678,0.0199329593694521,"MX2/IFI44L/PRKCE/MX1/TLR2",5
"GO:0006952","defense response","5/7","492/3915",0.0101626016260163,5.68379790940767,4.70174859415584,0.000519533048564039,0.0350684807780726,0.0235840660203412,"MX2/IFI44L/PRKCE/MX1/TLR2",5
"GO:0031663","lipopolysaccharide-mediated signaling pathway","2/7","22/3915",0.0909090909090909,50.8441558441558,9.9212304362,0.00062244414719656,0.0373466488317936,0.0251161673430191,"PRKCE/TLR2",2
"GO:0043279","response to alkaloid","2/7","26/3915",0.0769230769230769,43.021978021978,9.09758971095771,0.000872747487545167,0.0423793223662406,0.0285007138720331,"PRKCE/SLC1A3",2
"GO:0002752","cell surface pattern recognition receptor signaling pathway","2/7","27/3915",0.0740740740740741,41.4285714285714,8.92050215779458,0.00094176271924979,0.0423793223662406,0.0285007138720331,"PRKCE/TLR2",2
"GO:0140895","cell surface toll-like receptor signaling pathway","2/7","27/3915",0.0740740740740741,41.4285714285714,8.92050215779458,0.00094176271924979,0.0423793223662406,0.0285007138720331,"PRKCE/TLR2",2
"GO:0045087","innate immune response","4/7","303/3915",0.0132013201320132,7.38330975954738,4.89525721628772,0.00102077818759835,0.0424015554848545,0.0285156659693466,"MX2/PRKCE/MX1/TLR2",4
"GO:0002224","toll-like receptor signaling pathway","2/7","35/3915",0.0571428571428571,31.9591836734694,7.78555923463674,0.00158556217493594,0.0603862711933837,0.0406106502177727,"PRKCE/TLR2",2
"GO:0002220","innate immune response activating cell surface receptor signaling pathway","2/7","36/3915",0.0555555555555556,31.0714285714286,7.67056887523854,0.00167739642203844,0.0603862711933837,0.0406106502177727,"PRKCE/TLR2",2
"GO:0050714","positive regulation of protein secretion","2/7","39/3915",0.0512820512820513,28.6813186813187,7.35206516302188,0.00196788511268838,0.0634437321873111,0.0426668374359109,"PRKCE/TLR2",2
"GO:0042116","macrophage activation","2/7","40/3915",0.05,27.9642857142857,7.2537939624913,0.00206968791011245,0.0634437321873111,0.0426668374359109,"PRKCE/TLR2",2
"GO:0007610","behavior","3/7","161/3915",0.0186335403726708,10.4214729370009,5.16614702786526,0.00211479107291037,0.0634437321873111,0.0426668374359109,"PRKCE/SLC1A3/TLR2",3
"GO:0009636","response to toxic substance","2/7","46/3915",0.0434782608695652,24.3167701863354,6.7317828201089,0.00273226190661105,0.0737710714784984,0.049612124093727,"PRKCE/TLR2",2
"GO:0050806","positive regulation of synaptic transmission","2/7","46/3915",0.0434782608695652,24.3167701863354,6.7317828201089,0.00273226190661105,0.0737710714784984,0.049612124093727,"PRKCE/SLC1A3",2
"GO:0071222","cellular response to lipopolysaccharide","2/7","60/3915",0.0333333333333333,18.6428571428571,5.82793238811153,0.00461691204636534,0.10890043417771,0.0732371340961205,"PRKCE/TLR2",2
"GO:1901654","response to ketone","2/7","61/3915",0.0327868852459016,18.3372365339578,5.77525400354413,0.00476933145110134,0.10890043417771,0.0732371340961205,"PRKCE/TLR2",2
"GO:0019752","carboxylic acid metabolic process","3/7","215/3915",0.013953488372093,7.80398671096346,4.34274148857719,0.0048489526132446,0.10890043417771,0.0732371340961205,"PRKCE/SLC1A3/TLR2",3
"GO:0043436","oxoacid metabolic process","3/7","219/3915",0.0136986301369863,7.6614481409002,4.29345465577427,0.00510974634257719,0.10890043417771,0.0732371340961205,"PRKCE/SLC1A3/TLR2",3
"GO:0071219","cellular response to molecule of bacterial origin","2/7","64/3915",0.03125,17.4776785714286,5.6244674489806,0.00524059987363729,0.10890043417771,0.0732371340961205,"PRKCE/TLR2",2
"GO:0006082","organic acid metabolic process","3/7","221/3915",0.0135746606334842,7.59211376858436,4.26927901204498,0.00524335423818602,0.10890043417771,0.0732371340961205,"PRKCE/SLC1A3/TLR2",3
"GO:0050708","regulation of protein secretion","2/7","66/3915",0.0303030303030303,16.9480519480519,5.52952475903198,0.00556639032908864,0.111327806581773,0.0748695775257537,"PRKCE/TLR2",2
"GO:0071216","cellular response to biotic stimulus","2/7","77/3915",0.025974025974026,14.5269016697588,5.07309930433934,0.00752187087053055,0.132404865011884,0.0890442074641323,"PRKCE/TLR2",2
"GO:0014070","response to organic cyclic compound","3/7","253/3915",0.0118577075098814,6.63184641445511,3.9195304834319,0.00768235209405081,0.132404865011884,0.0890442074641323,"PRKCE/SLC1A3/TLR2",3
"GO:0001666","response to hypoxia","2/7","78/3915",0.0256410256410256,14.3406593406593,5.0362913866867,0.00771319739562058,0.132404865011884,0.0890442074641323,"PRKCE/TLR2",2
"GO:1903532","positive regulation of secretion by cell","2/7","78/3915",0.0256410256410256,14.3406593406593,5.0362913866867,0.00771319739562058,0.132404865011884,0.0890442074641323,"PRKCE/TLR2",2
"GO:0051222","positive regulation of protein transport","2/7","81/3915",0.0246913580246914,13.8095238095238,4.92982602968777,0.00830054537044861,0.132404865011884,0.0890442074641323,"PRKCE/TLR2",2
"GO:0036293","response to decreased oxygen levels","2/7","82/3915",0.024390243902439,13.6411149825784,4.89559013936849,0.00850076349809579,0.132404865011884,0.0890442074641323,"PRKCE/TLR2",2
"GO:0002274","myeloid leukocyte activation","2/7","83/3915",0.0240963855421687,13.4767641996558,4.86194919641202,0.00870318905328395,0.132404865011884,0.0890442074641323,"PRKCE/TLR2",2
"GO:0051047","positive regulation of secretion","2/7","85/3915",0.0235294117647059,13.1596638655462,4.79638237843748,0.00911463777835528,0.132404865011884,0.0890442074641323,"PRKCE/TLR2",2
"GO:0032496","response to lipopolysaccharide","2/7","90/3915",0.0222222222222222,12.4285714285714,4.64172743777189,0.0101814589199176,0.132404865011884,0.0890442074641323,"PRKCE/TLR2",2
"GO:0034097","response to cytokine","3/7","287/3915",0.0104529616724739,5.84619213539074,3.60902666475617,0.0109292725252083,0.132404865011884,0.0890442074641323,"MX2/MX1/TLR2",3
"GO:0002237","response to molecule of bacterial origin","2/7","94/3915",0.0212765957446809,11.8996960486322,4.52659822069393,0.0110738029629446,0.132404865011884,0.0890442074641323,"PRKCE/TLR2",2
"GO:0070482","response to oxygen levels","2/7","95/3915",0.0210526315789474,11.7744360902256,4.49890501213862,0.0113022392485112,0.132404865011884,0.0890442074641323,"PRKCE/TLR2",2
"GO:1901652","response to peptide","3/7","292/3915",0.0102739726027397,5.74608610567515,3.56759071511441,0.011466521102287,0.132404865011884,0.0890442074641323,"MX2/MX1/TLR2",3
"GO:0006909","phagocytosis","2/7","98/3915",0.0204081632653061,11.4139941690962,4.41826175092447,0.0120002918995814,0.132404865011884,0.0890442074641323,"PRKCE/TLR2",2
"GO:0009306","protein secretion","2/7","98/3915",0.0204081632653061,11.4139941690962,4.41826175092447,0.0120002918995814,0.132404865011884,0.0890442074641323,"PRKCE/TLR2",2
"GO:0035592","establishment of protein localization to extracellular region","2/7","98/3915",0.0204081632653061,11.4139941690962,4.41826175092447,0.0120002918995814,0.132404865011884,0.0890442074641323,"PRKCE/TLR2",2
"GO:0071692","protein localization to extracellular region","2/7","98/3915",0.0204081632653061,11.4139941690962,4.41826175092447,0.0120002918995814,0.132404865011884,0.0890442074641323,"PRKCE/TLR2",2
"GO:0002221","pattern recognition receptor signaling pathway","2/7","107/3915",0.0186915887850467,10.4539385847797,4.19602772222505,0.0142077370280843,0.132404865011884,0.0890442074641323,"PRKCE/TLR2",2
"GO:1904951","positive regulation of establishment of protein localization","2/7","107/3915",0.0186915887850467,10.4539385847797,4.19602772222505,0.0142077370280843,0.132404865011884,0.0890442074641323,"PRKCE/TLR2",2
"GO:0009628","response to abiotic stimulus","3/7","316/3915",0.00949367088607595,5.30967450271248,3.38126525257241,0.014266305219719,0.132404865011884,0.0890442074641323,"PRKCE/SLC1A3/TLR2",3
"GO:0002758","innate immune response-activating signaling pathway","2/7","115/3915",0.0173913043478261,9.72670807453416,4.01966373061781,0.0163098656793799,0.132404865011884,0.0890442074641323,"PRKCE/TLR2",2
"GO:0098657","import into cell","3/7","341/3915",0.00879765395894428,4.92040217846669,3.2063630154326,0.017581742655184,0.132404865011884,0.0890442074641323,"PRKCE/SLC1A3/TLR2",3
"GO:0060341","regulation of cellular localization","3/7","342/3915",0.0087719298245614,4.90601503759398,3.19972466450442,0.0177230073391818,0.132404865011884,0.0890442074641323,"MX2/PRKCE/TLR2",3
"GO:0001504","neurotransmitter uptake","1/7","10/3915",0.1,55.9285714285714,7.35986652344503,0.0177570269451258,0.132404865011884,0.0890442074641323,"SLC1A3",1
"GO:0035640","exploration behavior","1/7","10/3915",0.1,55.9285714285714,7.35986652344503,0.0177570269451258,0.132404865011884,0.0890442074641323,"PRKCE",1
"GO:0090303","positive regulation of wound healing","1/7","10/3915",0.1,55.9285714285714,7.35986652344503,0.0177570269451258,0.132404865011884,0.0890442074641323,"PRKCE",1
"GO:0002429","immune response-activating cell surface receptor signaling pathway","2/7","122/3915",0.0163934426229508,9.16861826697892,3.87899525516714,0.0182548051906568,0.132404865011884,0.0890442074641323,"PRKCE/TLR2",2
"GO:0007249","canonical NF-kappaB signal transduction","2/7","123/3915",0.016260162601626,9.09407665505227,3.85982715869435,0.018540573124125,0.132404865011884,0.0890442074641323,"PRKCE/TLR2",2
"GO:0002218","activation of innate immune response","2/7","124/3915",0.0161290322580645,9.02073732718894,3.84087697979465,0.0188283035254388,0.132404865011884,0.0890442074641323,"PRKCE/TLR2",2
"GO:1901701","cellular response to oxygen-containing compound","3/7","351/3915",0.00854700854700855,4.78021978021978,3.14111555845386,0.0190247080089156,0.132404865011884,0.0890442074641323,"PRKCE/SLC1A3/TLR2",3
"GO:0019748","secondary metabolic process","1/7","11/3915",0.0909090909090909,50.8441558441558,7.00547901464872,0.0195177697905505,0.132404865011884,0.0890442074641323,"PRKCE",1
"GO:0032288","myelin assembly","1/7","11/3915",0.0909090909090909,50.8441558441558,7.00547901464872,0.0195177697905505,0.132404865011884,0.0890442074641323,"TLR2",1
"GO:0032928","regulation of superoxide anion generation","1/7","11/3915",0.0909090909090909,50.8441558441558,7.00547901464872,0.0195177697905505,0.132404865011884,0.0890442074641323,"PRKCE",1
"GO:0032930","positive regulation of superoxide anion generation","1/7","11/3915",0.0909090909090909,50.8441558441558,7.00547901464872,0.0195177697905505,0.132404865011884,0.0890442074641323,"PRKCE",1
"GO:0035455","response to interferon-alpha","1/7","11/3915",0.0909090909090909,50.8441558441558,7.00547901464872,0.0195177697905505,0.132404865011884,0.0890442074641323,"MX2",1
"GO:0035773","insulin secretion involved in cellular response to glucose stimulus","1/7","11/3915",0.0909090909090909,50.8441558441558,7.00547901464872,0.0195177697905505,0.132404865011884,0.0890442074641323,"PRKCE",1
"GO:0051932","synaptic transmission, GABAergic","1/7","11/3915",0.0909090909090909,50.8441558441558,7.00547901464872,0.0195177697905505,0.132404865011884,0.0890442074641323,"PRKCE",1
"GO:0089718","amino acid import across plasma membrane","1/7","11/3915",0.0909090909090909,50.8441558441558,7.00547901464872,0.0195177697905505,0.132404865011884,0.0890442074641323,"SLC1A3",1
"GO:0098581","detection of external biotic stimulus","1/7","11/3915",0.0909090909090909,50.8441558441558,7.00547901464872,0.0195177697905505,0.132404865011884,0.0890442074641323,"TLR2",1
"GO:0170041","non-proteinogenic amino acid metabolic process","1/7","11/3915",0.0909090909090909,50.8441558441558,7.00547901464872,0.0195177697905505,0.132404865011884,0.0890442074641323,"SLC1A3",1
"GO:1901698","response to nitrogen compound","3/7","355/3915",0.00845070422535211,4.72635814889336,3.11570208052031,0.0196208411884863,0.132404865011884,0.0890442074641323,"PRKCE/SLC1A3/TLR2",3
"GO:0051051","negative regulation of transport","2/7","129/3915",0.0155038759689922,8.67109634551495,3.74924776112291,0.0202961908248382,0.132404865011884,0.0890442074641323,"PRKCE/TLR2",2
"GO:0002768","immune response-regulating cell surface receptor signaling pathway","2/7","130/3915",0.0153846153846154,8.6043956043956,3.73151841771397,0.0205955751304428,0.132404865011884,0.0890442074641323,"PRKCE/TLR2",2
"GO:0002433","immune response-regulating cell surface receptor signaling pathway involved in phagocytosis","1/7","12/3915",0.0833333333333333,46.6071428571429,6.69586002759725,0.0212758065762745,0.132404865011884,0.0890442074641323,"PRKCE",1
"GO:0006691","leukotriene metabolic process","1/7","12/3915",0.0833333333333333,46.6071428571429,6.69586002759725,0.0212758065762745,0.132404865011884,0.0890442074641323,"TLR2",1
"GO:0038096","Fc-gamma receptor signaling pathway involved in phagocytosis","1/7","12/3915",0.0833333333333333,46.6071428571429,6.69586002759725,0.0212758065762745,0.132404865011884,0.0890442074641323,"PRKCE",1
"GO:0048713","regulation of oligodendrocyte differentiation","1/7","12/3915",0.0833333333333333,46.6071428571429,6.69586002759725,0.0212758065762745,0.132404865011884,0.0890442074641323,"TLR2",1
"GO:0090322","regulation of superoxide metabolic process","1/7","12/3915",0.0833333333333333,46.6071428571429,6.69586002759725,0.0212758065762745,0.132404865011884,0.0890442074641323,"PRKCE",1
"GO:0051223","regulation of protein transport","2/7","135/3915",0.0148148148148148,8.28571428571429,3.64565253179096,0.0221212164819433,0.132404865011884,0.0890442074641323,"PRKCE/TLR2",2
"GO:0050804","modulation of chemical synaptic transmission","2/7","136/3915",0.0147058823529412,8.22478991596639,3.62901183450593,0.0224320488988276,0.132404865011884,0.0890442074641323,"PRKCE/SLC1A3",2
"GO:0099177","regulation of trans-synaptic signaling","2/7","136/3915",0.0147058823529412,8.22478991596639,3.62901183450593,0.0224320488988276,0.132404865011884,0.0890442074641323,"PRKCE/SLC1A3",2
"GO:0032467","positive regulation of cytokinesis","1/7","13/3915",0.0769230769230769,43.021978021978,6.42224231980112,0.0230311407689381,0.132404865011884,0.0890442074641323,"PRKCE",1
"GO:0032570","response to progesterone","1/7","13/3915",0.0769230769230769,43.021978021978,6.42224231980112,0.0230311407689381,0.132404865011884,0.0890442074641323,"TLR2",1
"GO:0032733","positive regulation of interleukin-10 production","1/7","13/3915",0.0769230769230769,43.021978021978,6.42224231980112,0.0230311407689381,0.132404865011884,0.0890442074641323,"TLR2",1
"GO:0045687","positive regulation of glial cell differentiation","1/7","13/3915",0.0769230769230769,43.021978021978,6.42224231980112,0.0230311407689381,0.132404865011884,0.0890442074641323,"TLR2",1
"GO:0050765","negative regulation of phagocytosis","1/7","13/3915",0.0769230769230769,43.021978021978,6.42224231980112,0.0230311407689381,0.132404865011884,0.0890442074641323,"TLR2",1
"GO:0050885","neuromuscular process controlling balance","1/7","13/3915",0.0769230769230769,43.021978021978,6.42224231980112,0.0230311407689381,0.132404865011884,0.0890442074641323,"SLC1A3",1
"GO:0051938","L-glutamate import","1/7","13/3915",0.0769230769230769,43.021978021978,6.42224231980112,0.0230311407689381,0.132404865011884,0.0890442074641323,"SLC1A3",1
"GO:1901889","negative regulation of cell junction assembly","1/7","13/3915",0.0769230769230769,43.021978021978,6.42224231980112,0.0230311407689381,0.132404865011884,0.0890442074641323,"TLR2",1
"GO:1902476","chloride transmembrane transport","1/7","13/3915",0.0769230769230769,43.021978021978,6.42224231980112,0.0230311407689381,0.132404865011884,0.0890442074641323,"SLC1A3",1
"GO:0098771","inorganic ion homeostasis","2/7","141/3915",0.0141843971631206,7.93313069908815,3.54829851012841,0.0240144204024752,0.132404865011884,0.0890442074641323,"PRKCE/SLC1A3",2
"GO:0045089","positive regulation of innate immune response","2/7","142/3915",0.0140845070422535,7.87726358148893,3.53263357604773,0.0243364971611253,0.132404865011884,0.0890442074641323,"PRKCE/TLR2",2
"GO:0001881","receptor recycling","1/7","14/3915",0.0714285714285714,39.9489795918367,6.17809070332436,0.0247837758316283,0.132404865011884,0.0890442074641323,"TBC1D16",1
"GO:0021545","cranial nerve development","1/7","14/3915",0.0714285714285714,39.9489795918367,6.17809070332436,0.0247837758316283,0.132404865011884,0.0890442074641323,"SLC1A3",1
"GO:0032735","positive regulation of interleukin-12 production","1/7","14/3915",0.0714285714285714,39.9489795918367,6.17809070332436,0.0247837758316283,0.132404865011884,0.0890442074641323,"TLR2",1
"GO:0038094","Fc-gamma receptor signaling pathway","1/7","14/3915",0.0714285714285714,39.9489795918367,6.17809070332436,0.0247837758316283,0.132404865011884,0.0890442074641323,"PRKCE",1
"GO:0030003","intracellular monoatomic cation homeostasis","2/7","144/3915",0.0138888888888889,7.76785714285714,3.50175950338915,0.024986208245484,0.132404865011884,0.0890442074641323,"PRKCE/SLC1A3",2
"GO:0006873","intracellular monoatomic ion homeostasis","2/7","147/3915",0.0136054421768707,7.60932944606414,3.45654944352598,0.0259745850017906,0.132404865011884,0.0890442074641323,"PRKCE/SLC1A3",2
"GO:0014003","oligodendrocyte development","1/7","15/3915",0.0666666666666667,37.2857142857143,5.95842059059306,0.0265337152238811,0.132404865011884,0.0890442074641323,"TLR2",1
"GO:0015804","neutral amino acid transport","1/7","15/3915",0.0666666666666667,37.2857142857143,5.95842059059306,0.0265337152238811,0.132404865011884,0.0890442074641323,"SLC1A3",1
"GO:0042220","response to cocaine","1/7","15/3915",0.0666666666666667,37.2857142857143,5.95842059059306,0.0265337152238811,0.132404865011884,0.0890442074641323,"SLC1A3",1
"GO:0045071","negative regulation of viral genome replication","1/7","15/3915",0.0666666666666667,37.2857142857143,5.95842059059306,0.0265337152238811,0.132404865011884,0.0890442074641323,"MX1",1
"GO:0050994","regulation of lipid catabolic process","1/7","15/3915",0.0666666666666667,37.2857142857143,5.95842059059306,0.0265337152238811,0.132404865011884,0.0890442074641323,"PRKCE",1
"GO:0070542","response to fatty acid","1/7","15/3915",0.0666666666666667,37.2857142857143,5.95842059059306,0.0265337152238811,0.132404865011884,0.0890442074641323,"TLR2",1
"GO:1903036","positive regulation of response to wounding","1/7","15/3915",0.0666666666666667,37.2857142857143,5.95842059059306,0.0265337152238811,0.132404865011884,0.0890442074641323,"PRKCE",1
"GO:0002833","positive regulation of response to biotic stimulus","2/7","150/3915",0.0133333333333333,7.45714285714286,3.4126023633195,0.0269794003524114,0.132404865011884,0.0890442074641323,"PRKCE/TLR2",2
"GO:1903530","regulation of secretion by cell","2/7","150/3915",0.0133333333333333,7.45714285714286,3.4126023633195,0.0269794003524114,0.132404865011884,0.0890442074641323,"PRKCE/TLR2",2
"GO:0008652","amino acid biosynthetic process","1/7","16/3915",0.0625,34.9553571428571,5.75935474609936,0.0282809624016845,0.132404865011884,0.0890442074641323,"SLC1A3",1
"GO:0009593","detection of chemical stimulus","1/7","16/3915",0.0625,34.9553571428571,5.75935474609936,0.0282809624016845,0.132404865011884,0.0890442074641323,"TLR2",1
"GO:0009595","detection of biotic stimulus","1/7","16/3915",0.0625,34.9553571428571,5.75935474609936,0.0282809624016845,0.132404865011884,0.0890442074641323,"TLR2",1
"GO:0010762","regulation of fibroblast migration","1/7","16/3915",0.0625,34.9553571428571,5.75935474609936,0.0282809624016845,0.132404865011884,0.0890442074641323,"PRKCE",1
"GO:0042554","superoxide anion generation","1/7","16/3915",0.0625,34.9553571428571,5.75935474609936,0.0282809624016845,0.132404865011884,0.0890442074641323,"PRKCE",1
"GO:0032787","monocarboxylic acid metabolic process","2/7","154/3915",0.012987012987013,7.26345083487941,3.35586529319202,0.028344466887787,0.132404865011884,0.0890442074641323,"PRKCE/SLC1A3",2
"GO:0006821","chloride transport","1/7","17/3915",0.0588235294117647,32.8991596638655,5.57782569765147,0.0300255208174806,0.132404865011884,0.0890442074641323,"SLC1A3",1
"GO:0032728","positive regulation of interferon-beta production","1/7","17/3915",0.0588235294117647,32.8991596638655,5.57782569765147,0.0300255208174806,0.132404865011884,0.0890442074641323,"TLR2",1
"GO:0046677","response to antibiotic","1/7","17/3915",0.0588235294117647,32.8991596638655,5.57782569765147,0.0300255208174806,0.132404865011884,0.0890442074641323,"SLC1A3",1
"GO:0009617","response to bacterium","2/7","161/3915",0.0124223602484472,6.94764862466726,3.26131884797333,0.0308019554679322,0.132404865011884,0.0890442074641323,"PRKCE/TLR2",2
"GO:0051046","regulation of secretion","2/7","161/3915",0.0124223602484472,6.94764862466726,3.26131884797333,0.0308019554679322,0.132404865011884,0.0890442074641323,"PRKCE/TLR2",2
"GO:0044281","small molecule metabolic process","3/7","421/3915",0.00712589073634204,3.98540889039701,2.74388289605859,0.0310549871258379,0.132404865011884,0.0890442074641323,"PRKCE/SLC1A3/TLR2",3
"GO:0009611","response to wounding","2/7","162/3915",0.0123456790123457,6.9047619047619,3.2482748429511,0.031160067412914,0.132404865011884,0.0890442074641323,"PRKCE/SLC1A3",2
"GO:1903829","positive regulation of protein localization","2/7","163/3915",0.0122699386503067,6.8624014022787,3.23534122822301,0.0315199235914185,0.132404865011884,0.0890442074641323,"PRKCE/TLR2",2
"GO:0001774","microglial cell activation","1/7","18/3915",0.0555555555555556,31.0714285714286,5.41137041515944,0.0317673939201683,0.132404865011884,0.0890442074641323,"TLR2",1
"GO:0002269","leukocyte activation involved in inflammatory response","1/7","18/3915",0.0555555555555556,31.0714285714286,5.41137041515944,0.0317673939201683,0.132404865011884,0.0890442074641323,"TLR2",1
"GO:0007589","body fluid secretion","1/7","18/3915",0.0555555555555556,31.0714285714286,5.41137041515944,0.0317673939201683,0.132404865011884,0.0890442074641323,"PRKCE",1
"GO:0015800","acidic amino acid transport","1/7","18/3915",0.0555555555555556,31.0714285714286,5.41137041515944,0.0317673939201683,0.132404865011884,0.0890442074641323,"SLC1A3",1
"GO:0032757","positive regulation of interleukin-8 production","1/7","18/3915",0.0555555555555556,31.0714285714286,5.41137041515944,0.0317673939201683,0.132404865011884,0.0890442074641323,"TLR2",1
"GO:0098661","inorganic anion transmembrane transport","1/7","18/3915",0.0555555555555556,31.0714285714286,5.41137041515944,0.0317673939201683,0.132404865011884,0.0890442074641323,"SLC1A3",1
"GO:0140374","antiviral innate immune response","1/7","18/3915",0.0555555555555556,31.0714285714286,5.41137041515944,0.0317673939201683,0.132404865011884,0.0890442074641323,"MX1",1
"GO:1902305","regulation of sodium ion transmembrane transport","1/7","18/3915",0.0555555555555556,31.0714285714286,5.41137041515944,0.0317673939201683,0.132404865011884,0.0890442074641323,"PRKCE",1
"GO:0055080","monoatomic cation homeostasis","2/7","166/3915",0.0120481927710843,6.73838209982788,3.19718627580466,0.0326099034557285,0.132404865011884,0.0890442074641323,"PRKCE/SLC1A3",2
"GO:0050801","monoatomic ion homeostasis","2/7","167/3915",0.0119760479041916,6.69803250641574,3.18467794389385,0.0329766825412614,0.132404865011884,0.0890442074641323,"PRKCE/SLC1A3",2
"GO:0002431","Fc receptor mediated stimulatory signaling pathway","1/7","19/3915",0.0526315789473684,29.4360902255639,5.25798524510154,0.0335065851551077,0.132404865011884,0.0890442074641323,"PRKCE",1
"GO:0021675","nerve development","1/7","19/3915",0.0526315789473684,29.4360902255639,5.25798524510154,0.0335065851551077,0.132404865011884,0.0890442074641323,"SLC1A3",1
"GO:0050830","defense response to Gram-positive bacterium","1/7","19/3915",0.0526315789473684,29.4360902255639,5.25798524510154,0.0335065851551077,0.132404865011884,0.0890442074641323,"TLR2",1
"GO:0051781","positive regulation of cell division","1/7","19/3915",0.0526315789473684,29.4360902255639,5.25798524510154,0.0335065851551077,0.132404865011884,0.0890442074641323,"PRKCE",1
"GO:0070201","regulation of establishment of protein localization","2/7","170/3915",0.0117647058823529,6.57983193277311,3.14776151115089,0.0340873019320915,0.132404865011884,0.0890442074641323,"PRKCE/TLR2",2
"GO:0031349","positive regulation of defense response","2/7","172/3915",0.0116279069767442,6.50332225913621,3.12364310773771,0.0348362297516519,0.132404865011884,0.0890442074641323,"PRKCE/TLR2",2
"GO:0030838","positive regulation of actin filament polymerization","1/7","20/3915",0.05,27.9642857142857,5.1160212565439,0.0352430979641208,0.132404865011884,0.0890442074641323,"PRKCE",1
"GO:0045685","regulation of glial cell differentiation","1/7","20/3915",0.05,27.9642857142857,5.1160212565439,0.0352430979641208,0.132404865011884,0.0890442074641323,"TLR2",1
"GO:1902475","L-alpha-amino acid transmembrane transport","1/7","20/3915",0.05,27.9642857142857,5.1160212565439,0.0352430979641208,0.132404865011884,0.0890442074641323,"SLC1A3",1
"GO:0071396","cellular response to lipid","2/7","174/3915",0.0114942528735632,6.42857142857143,3.09990567940116,0.0355919196703522,0.132404865011884,0.0890442074641323,"PRKCE/TLR2",2
"GO:0045088","regulation of innate immune response","2/7","177/3915",0.0112994350282486,6.31961259079903,3.06499057280671,0.036738040474305,0.132404865011884,0.0890442074641323,"PRKCE/TLR2",2
"GO:0006835","dicarboxylic acid transport","1/7","21/3915",0.0476190476190476,26.6326530612245,4.98410733285335,0.0369769357854947,0.132404865011884,0.0890442074641323,"SLC1A3",1
"GO:0010232","vascular transport","1/7","21/3915",0.0476190476190476,26.6326530612245,4.98410733285335,0.0369769357854947,0.132404865011884,0.0890442074641323,"SLC1A3",1
"GO:0032613","interleukin-10 production","1/7","21/3915",0.0476190476190476,26.6326530612245,4.98410733285335,0.0369769357854947,0.132404865011884,0.0890442074641323,"TLR2",1
"GO:0032653","regulation of interleukin-10 production","1/7","21/3915",0.0476190476190476,26.6326530612245,4.98410733285335,0.0369769357854947,0.132404865011884,0.0890442074641323,"TLR2",1
"GO:0061900","glial cell activation","1/7","21/3915",0.0476190476190476,26.6326530612245,4.98410733285335,0.0369769357854947,0.132404865011884,0.0890442074641323,"TLR2",1
"GO:0098656","monoatomic anion transmembrane transport","1/7","21/3915",0.0476190476190476,26.6326530612245,4.98410733285335,0.0369769357854947,0.132404865011884,0.0890442074641323,"SLC1A3",1
"GO:0150104","transport across blood-brain barrier","1/7","21/3915",0.0476190476190476,26.6326530612245,4.98410733285335,0.0369769357854947,0.132404865011884,0.0890442074641323,"SLC1A3",1
"GO:0006801","superoxide metabolic process","1/7","22/3915",0.0454545454545455,25.4220779220779,4.86109271372436,0.0387081020539849,0.132404865011884,0.0890442074641323,"PRKCE",1
"GO:0032024","positive regulation of insulin secretion","1/7","22/3915",0.0454545454545455,25.4220779220779,4.86109271372436,0.0387081020539849,0.132404865011884,0.0890442074641323,"PRKCE",1
"GO:0034142","toll-like receptor 4 signaling pathway","1/7","22/3915",0.0454545454545455,25.4220779220779,4.86109271372436,0.0387081020539849,0.132404865011884,0.0890442074641323,"PRKCE",1
"GO:0007268","chemical synaptic transmission","2/7","183/3915",0.0109289617486339,6.11241217798595,2.99752449795783,0.0390750681221609,0.132404865011884,0.0890442074641323,"PRKCE/SLC1A3",2
"GO:0098916","anterograde trans-synaptic signaling","2/7","183/3915",0.0109289617486339,6.11241217798595,2.99752449795783,0.0390750681221609,0.132404865011884,0.0890442074641323,"PRKCE/SLC1A3",2
"GO:0098662","inorganic cation transmembrane transport","2/7","186/3915",0.010752688172043,6.01382488479263,2.96491054764707,0.0402656912176949,0.132404865011884,0.0890442074641323,"PRKCE/SLC1A3",2
"GO:0099537","trans-synaptic signaling","2/7","186/3915",0.010752688172043,6.01382488479263,2.96491054764707,0.0402656912176949,0.132404865011884,0.0890442074641323,"PRKCE/SLC1A3",2
"GO:0010634","positive regulation of epithelial cell migration","1/7","23/3915",0.0434782608695652,24.3167701863354,4.74600342843749,0.0404366002008183,0.132404865011884,0.0890442074641323,"PRKCE",1
"GO:0010761","fibroblast migration","1/7","23/3915",0.0434782608695652,24.3167701863354,4.74600342843749,0.0404366002008183,0.132404865011884,0.0890442074641323,"PRKCE",1
"GO:0014015","positive regulation of gliogenesis","1/7","23/3915",0.0434782608695652,24.3167701863354,4.74600342843749,0.0404366002008183,0.132404865011884,0.0890442074641323,"TLR2",1
"GO:1903078","positive regulation of protein localization to plasma membrane","1/7","23/3915",0.0434782608695652,24.3167701863354,4.74600342843749,0.0404366002008183,0.132404865011884,0.0890442074641323,"PRKCE",1
"GO:1904063","negative regulation of cation transmembrane transport","1/7","23/3915",0.0434782608695652,24.3167701863354,4.74600342843749,0.0404366002008183,0.132404865011884,0.0890442074641323,"PRKCE",1
"GO:1901700","response to oxygen-containing compound","3/7","468/3915",0.00641025641025641,3.58516483516484,2.5221602555706,0.041075261868978,0.132404865011884,0.0890442074641323,"PRKCE/SLC1A3/TLR2",3
"GO:0030001","metal ion transport","2/7","190/3915",0.0105263157894737,5.88721804511278,2.92252026147512,0.0418758001869637,0.132404865011884,0.0890442074641323,"PRKCE/SLC1A3",2
"GO:0002793","positive regulation of peptide secretion","1/7","24/3915",0.0416666666666667,23.3035714285714,4.63800881760291,0.0421624336536947,0.132404865011884,0.0890442074641323,"PRKCE",1
"GO:0003333","amino acid transmembrane transport","1/7","24/3915",0.0416666666666667,23.3035714285714,4.63800881760291,0.0421624336536947,0.132404865011884,0.0890442074641323,"SLC1A3",1
"GO:0032615","interleukin-12 production","1/7","24/3915",0.0416666666666667,23.3035714285714,4.63800881760291,0.0421624336536947,0.132404865011884,0.0890442074641323,"TLR2",1
"GO:0032637","interleukin-8 production","1/7","24/3915",0.0416666666666667,23.3035714285714,4.63800881760291,0.0421624336536947,0.132404865011884,0.0890442074641323,"TLR2",1
"GO:0032655","regulation of interleukin-12 production","1/7","24/3915",0.0416666666666667,23.3035714285714,4.63800881760291,0.0421624336536947,0.132404865011884,0.0890442074641323,"TLR2",1
"GO:0032677","regulation of interleukin-8 production","1/7","24/3915",0.0416666666666667,23.3035714285714,4.63800881760291,0.0421624336536947,0.132404865011884,0.0890442074641323,"TLR2",1
"GO:0090277","positive regulation of peptide hormone secretion","1/7","24/3915",0.0416666666666667,23.3035714285714,4.63800881760291,0.0421624336536947,0.132404865011884,0.0890442074641323,"PRKCE",1
"GO:0098655","monoatomic cation transmembrane transport","2/7","194/3915",0.0103092783505155,5.76583210603829,2.88132283932276,0.0435114468970496,0.132404865011884,0.0890442074641323,"PRKCE/SLC1A3",2
"GO:0032465","regulation of cytokinesis","1/7","25/3915",0.04,22.3714285714286,4.53639549344363,0.04388560583679,0.132404865011884,0.0890442074641323,"PRKCE",1
"GO:0032608","interferon-beta production","1/7","25/3915",0.04,22.3714285714286,4.53639549344363,0.04388560583679,0.132404865011884,0.0890442074641323,"TLR2",1
"GO:0032648","regulation of interferon-beta production","1/7","25/3915",0.04,22.3714285714286,4.53639549344363,0.04388560583679,0.132404865011884,0.0890442074641323,"TLR2",1
"GO:0032722","positive regulation of chemokine production","1/7","25/3915",0.04,22.3714285714286,4.53639549344363,0.04388560583679,0.132404865011884,0.0890442074641323,"TLR2",1
"GO:0038093","Fc receptor signaling pathway","1/7","25/3915",0.04,22.3714285714286,4.53639549344363,0.04388560583679,0.132404865011884,0.0890442074641323,"PRKCE",1
"GO:0043112","receptor metabolic process","1/7","25/3915",0.04,22.3714285714286,4.53639549344363,0.04388560583679,0.132404865011884,0.0890442074641323,"TBC1D16",1
"GO:0051279","regulation of release of sequestered calcium ion into cytosol","1/7","25/3915",0.04,22.3714285714286,4.53639549344363,0.04388560583679,0.132404865011884,0.0890442074641323,"PRKCE",1
"GO:0098660","inorganic ion transmembrane transport","2/7","195/3915",0.0102564102564103,5.73626373626374,2.87120278595039,0.0439243101831389,0.132404865011884,0.0890442074641323,"PRKCE/SLC1A3",2
"GO:0002757","immune response-activating signaling pathway","2/7","196/3915",0.0102040816326531,5.7069970845481,2.86115264855428,0.0443387438462934,0.132404865011884,0.0890442074641323,"PRKCE/TLR2",2
"GO:0055082","intracellular chemical homeostasis","2/7","197/3915",0.0101522842639594,5.67802755620014,2.8511715525711,0.044754742768655,0.132404865011884,0.0890442074641323,"PRKCE/SLC1A3",2
"GO:0050877","nervous system process","2/7","198/3915",0.0101010101010101,5.64935064935065,2.8412586387922,0.0451723018411068,0.132404865011884,0.0890442074641323,"SLC1A3/TLR2",2
"GO:0099536","synaptic signaling","2/7","198/3915",0.0101010101010101,5.64935064935065,2.8412586387922,0.0451723018411068,0.132404865011884,0.0890442074641323,"PRKCE/SLC1A3",2
"GO:0002028","regulation of sodium ion transport","1/7","26/3915",0.0384615384615385,21.510989010989,4.44054686074858,0.0456061201707599,0.132404865011884,0.0890442074641323,"PRKCE",1
"GO:0015698","inorganic anion transport","1/7","26/3915",0.0384615384615385,21.510989010989,4.44054686074858,0.0456061201707599,0.132404865011884,0.0890442074641323,"SLC1A3",1
"GO:0015807","L-amino acid transport","1/7","26/3915",0.0384615384615385,21.510989010989,4.44054686074858,0.0456061201707599,0.132404865011884,0.0890442074641323,"SLC1A3",1
"GO:0034766","negative regulation of monoatomic ion transmembrane transport","1/7","26/3915",0.0384615384615385,21.510989010989,4.44054686074858,0.0456061201707599,0.132404865011884,0.0890442074641323,"PRKCE",1
"GO:0045471","response to ethanol","1/7","26/3915",0.0384615384615385,21.510989010989,4.44054686074858,0.0456061201707599,0.132404865011884,0.0890442074641323,"PRKCE",1
"GO:0061041","regulation of wound healing","1/7","26/3915",0.0384615384615385,21.510989010989,4.44054686074858,0.0456061201707599,0.132404865011884,0.0890442074641323,"PRKCE",1
"GO:0002831","regulation of response to biotic stimulus","2/7","200/3915",0.01,5.59285714285714,2.82163399571919,0.0460120800434567,0.13286910814688,0.0893564177595978,"PRKCE/TLR2",2
"GO:0051049","regulation of transport","3/7","492/3915",0.00609756097560976,3.4102787456446,2.41951615399465,0.0468028891189288,0.134433830447987,0.0904087163831492,"MX2/PRKCE/TLR2",3
"GO:0030225","macrophage differentiation","1/7","27/3915",0.037037037037037,20.7142857142857,4.34992684726379,0.0473239800727407,0.134499732838316,0.0904530367041305,"TLR2",1
"GO:0098754","detoxification","1/7","27/3915",0.037037037037037,20.7142857142857,4.34992684726379,0.0473239800727407,0.134499732838316,0.0904530367041305,"PRKCE",1
"GO:0002764","immune response-regulating signaling pathway","2/7","205/3915",0.00975609756097561,5.45644599303136,2.77370823942045,0.048138472216018,0.135800830956059,0.0913280442102151,"PRKCE/TLR2",2
"GO:0006820","monoatomic anion transport","1/7","28/3915",0.0357142857142857,19.9744897959184,4.26406685755751,0.0490391889563546,0.135800830956059,0.0913280442102151,"SLC1A3",1
"GO:0045806","negative regulation of endocytosis","1/7","28/3915",0.0357142857142857,19.9744897959184,4.26406685755751,0.0490391889563546,0.135800830956059,0.0913280442102151,"TLR2",1
"GO:0048709","oligodendrocyte differentiation","1/7","28/3915",0.0357142857142857,19.9744897959184,4.26406685755751,0.0490391889563546,0.135800830956059,0.0913280442102151,"TLR2",1
"GO:1901224","positive regulation of non-canonical NF-kappaB signal transduction","1/7","28/3915",0.0357142857142857,19.9744897959184,4.26406685755751,0.0490391889563546,0.135800830956059,0.0913280442102151,"TLR2",1
"GO:0002253","activation of immune response","2/7","210/3915",0.00952380952380952,5.3265306122449,2.72732865361588,0.0503028545877031,0.136362510801769,0.0917057821181484,"PRKCE/TLR2",2
"GO:0006690","icosanoid metabolic process","1/7","29/3915",0.0344827586206897,19.2857142857143,4.18255522163741,0.0507517502317096,0.136362510801769,0.0917057821181484,"TLR2",1
"GO:0097306","cellular response to alcohol","1/7","29/3915",0.0344827586206897,19.2857142857143,4.18255522163741,0.0507517502317096,0.136362510801769,0.0917057821181484,"PRKCE",1
"GO:1904377","positive regulation of protein localization to cell periphery","1/7","29/3915",0.0344827586206897,19.2857142857143,4.18255522163741,0.0507517502317096,0.136362510801769,0.0917057821181484,"PRKCE",1
"GO:0010632","regulation of epithelial cell migration","1/7","30/3915",0.0333333333333333,18.6428571428571,4.10502859332463,0.0524616673054047,0.136362510801769,0.0917057821181484,"PRKCE",1
"GO:0032602","chemokine production","1/7","30/3915",0.0333333333333333,18.6428571428571,4.10502859332463,0.0524616673054047,0.136362510801769,0.0917057821181484,"TLR2",1
"GO:0032642","regulation of chemokine production","1/7","30/3915",0.0333333333333333,18.6428571428571,4.10502859332463,0.0524616673054047,0.136362510801769,0.0917057821181484,"TLR2",1
"GO:0045069","regulation of viral genome replication","1/7","30/3915",0.0333333333333333,18.6428571428571,4.10502859332463,0.0524616673054047,0.136362510801769,0.0917057821181484,"MX1",1
"GO:0046209","nitric oxide metabolic process","1/7","30/3915",0.0333333333333333,18.6428571428571,4.10502859332463,0.0524616673054047,0.136362510801769,0.0917057821181484,"TLR2",1
"GO:0060760","positive regulation of response to cytokine stimulus","1/7","30/3915",0.0333333333333333,18.6428571428571,4.10502859332463,0.0524616673054047,0.136362510801769,0.0917057821181484,"TLR2",1
"GO:0150076","neuroinflammatory response","1/7","30/3915",0.0333333333333333,18.6428571428571,4.10502859332463,0.0524616673054047,0.136362510801769,0.0917057821181484,"TLR2",1
"GO:2001057","reactive nitrogen species metabolic process","1/7","30/3915",0.0333333333333333,18.6428571428571,4.10502859332463,0.0524616673054047,0.136362510801769,0.0917057821181484,"TLR2",1
"GO:0032103","positive regulation of response to external stimulus","2/7","216/3915",0.00925925925925926,5.17857142857143,2.67358929389435,0.0529493784757428,0.136362510801769,0.0917057821181484,"PRKCE/TLR2",2
"GO:0031397","negative regulation of protein ubiquitination","1/7","31/3915",0.032258064516129,18.0414746543779,4.03116488631944,0.05416894358053,0.136362510801769,0.0917057821181484,"PRKCE",1
"GO:0043271","negative regulation of monoatomic ion transport","1/7","31/3915",0.032258064516129,18.0414746543779,4.03116488631944,0.05416894358053,0.136362510801769,0.0917057821181484,"PRKCE",1
"GO:0045913","positive regulation of carbohydrate metabolic process","1/7","31/3915",0.032258064516129,18.0414746543779,4.03116488631944,0.05416894358053,0.136362510801769,0.0917057821181484,"PRKCE",1
"GO:0046887","positive regulation of hormone secretion","1/7","31/3915",0.032258064516129,18.0414746543779,4.03116488631944,0.05416894358053,0.136362510801769,0.0917057821181484,"PRKCE",1
"GO:0048525","negative regulation of viral process","1/7","31/3915",0.032258064516129,18.0414746543779,4.03116488631944,0.05416894358053,0.136362510801769,0.0917057821181484,"MX1",1
"GO:2000379","positive regulation of reactive oxygen species metabolic process","1/7","31/3915",0.032258064516129,18.0414746543779,4.03116488631944,0.05416894358053,0.136362510801769,0.0917057821181484,"PRKCE",1
"GO:0034220","monoatomic ion transmembrane transport","2/7","219/3915",0.0091324200913242,5.10763209393346,2.64746219814048,0.054292481152556,0.136362510801769,0.0917057821181484,"PRKCE/SLC1A3",2
"GO:0007605","sensory perception of sound","1/7","32/3915",0.03125,17.4776785714286,3.96067743323035,0.0558735824566723,0.137770477290425,0.0926526601660752,"SLC1A3",1
"GO:0014013","regulation of gliogenesis","1/7","32/3915",0.03125,17.4776785714286,3.96067743323035,0.0558735824566723,0.137770477290425,0.0926526601660752,"TLR2",1
"GO:0034340","response to type I interferon","1/7","32/3915",0.03125,17.4776785714286,3.96067743323035,0.0558735824566723,0.137770477290425,0.0926526601660752,"MX1",1
"GO:0061515","myeloid cell development","1/7","32/3915",0.03125,17.4776785714286,3.96067743323035,0.0558735824566723,0.137770477290425,0.0926526601660752,"TLR2",1
"GO:0019725","cellular homeostasis","2/7","225/3915",0.00888888888888889,4.97142857142857,2.59661155283534,0.0570177027170258,0.138798290884618,0.0933438798346847,"PRKCE/SLC1A3",2
"GO:0010927","cellular component assembly involved in morphogenesis","1/7","33/3915",0.0303030303030303,16.9480519480519,3.89331012490973,0.0575755873299156,0.138798290884618,0.0933438798346847,"TLR2",1
"GO:0032481","positive regulation of type I interferon production","1/7","33/3915",0.0303030303030303,16.9480519480519,3.89331012490973,0.0575755873299156,0.138798290884618,0.0933438798346847,"TLR2",1
"GO:0032989","cellular anatomical entity morphogenesis","1/7","33/3915",0.0303030303030303,16.9480519480519,3.89331012490973,0.0575755873299156,0.138798290884618,0.0933438798346847,"TLR2",1
"GO:1901655","cellular response to ketone","1/7","33/3915",0.0303030303030303,16.9480519480519,3.89331012490973,0.0575755873299156,0.138798290884618,0.0933438798346847,"PRKCE",1
"GO:0050954","sensory perception of mechanical stimulus","1/7","34/3915",0.0294117647058824,16.4495798319328,3.82883334135771,0.0592749615928447,0.14127219788743,0.095007618462307,"SLC1A3",1
"GO:1903321","negative regulation of protein modification by small protein conjugation or removal","1/7","34/3915",0.0294117647058824,16.4495798319328,3.82883334135771,0.0592749615928447,0.14127219788743,0.095007618462307,"PRKCE",1
"GO:0034763","negative regulation of transmembrane transport","1/7","35/3915",0.0285714285714286,15.9795918367347,3.76704052618548,0.0609717086345477,0.14127219788743,0.095007618462307,"PRKCE",1
"GO:0035725","sodium ion transmembrane transport","1/7","35/3915",0.0285714285714286,15.9795918367347,3.76704052618548,0.0609717086345477,0.14127219788743,0.095007618462307,"PRKCE",1
"GO:1901874","negative regulation of post-translational protein modification","1/7","35/3915",0.0285714285714286,15.9795918367347,3.76704052618548,0.0609717086345477,0.14127219788743,0.095007618462307,"PRKCE",1
"GO:1905039","carboxylic acid transmembrane transport","1/7","35/3915",0.0285714285714286,15.9795918367347,3.76704052618548,0.0609717086345477,0.14127219788743,0.095007618462307,"SLC1A3",1
"GO:1905477","positive regulation of protein localization to membrane","1/7","35/3915",0.0285714285714286,15.9795918367347,3.76704052618548,0.0609717086345477,0.14127219788743,0.095007618462307,"PRKCE",1
"GO:0006812","monoatomic cation transport","2/7","234/3915",0.00854700854700855,4.78021978021978,2.5236215270451,0.0612011004887155,0.14127219788743,0.095007618462307,"PRKCE/SLC1A3",2
"GO:0002275","myeloid cell activation involved in immune response","1/7","36/3915",0.0277777777777778,15.5357142857143,3.70774528767468,0.0626658318406195,0.14127219788743,0.095007618462307,"PRKCE",1
"GO:0006865","amino acid transport","1/7","36/3915",0.0277777777777778,15.5357142857143,3.70774528767468,0.0626658318406195,0.14127219788743,0.095007618462307,"SLC1A3",1
"GO:0045834","positive regulation of lipid metabolic process","1/7","36/3915",0.0277777777777778,15.5357142857143,3.70774528767468,0.0626658318406195,0.14127219788743,0.095007618462307,"PRKCE",1
"GO:0071333","cellular response to glucose stimulus","1/7","36/3915",0.0277777777777778,15.5357142857143,3.70774528767468,0.0626658318406195,0.14127219788743,0.095007618462307,"PRKCE",1
"GO:1903825","organic acid transmembrane transport","1/7","36/3915",0.0277777777777778,15.5357142857143,3.70774528767468,0.0626658318406195,0.14127219788743,0.095007618462307,"SLC1A3",1
"GO:0032940","secretion by cell","2/7","238/3915",0.00840336134453781,4.69987995198079,2.49236388572142,0.0630964033802283,0.14127219788743,0.095007618462307,"PRKCE/TLR2",2
"GO:0010565","regulation of cellular ketone metabolic process","1/7","37/3915",0.027027027027027,15.1158301158301,3.65077893333501,0.0643573345931627,0.14127219788743,0.095007618462307,"PRKCE",1
"GO:0021782","glial cell development","1/7","37/3915",0.027027027027027,15.1158301158301,3.65077893333501,0.0643573345931627,0.14127219788743,0.095007618462307,"TLR2",1
"GO:0032755","positive regulation of interleukin-6 production","1/7","37/3915",0.027027027027027,15.1158301158301,3.65077893333501,0.0643573345931627,0.14127219788743,0.095007618462307,"TLR2",1
"GO:0050905","neuromuscular process","1/7","37/3915",0.027027027027027,15.1158301158301,3.65077893333501,0.0643573345931627,0.14127219788743,0.095007618462307,"SLC1A3",1
"GO:0051209","release of sequestered calcium ion into cytosol","1/7","37/3915",0.027027027027027,15.1158301158301,3.65077893333501,0.0643573345931627,0.14127219788743,0.095007618462307,"PRKCE",1
"GO:0051282","regulation of sequestering of calcium ion","1/7","37/3915",0.027027027027027,15.1158301158301,3.65077893333501,0.0643573345931627,0.14127219788743,0.095007618462307,"PRKCE",1
"GO:0051283","negative regulation of sequestering of calcium ion","1/7","37/3915",0.027027027027027,15.1158301158301,3.65077893333501,0.0643573345931627,0.14127219788743,0.095007618462307,"PRKCE",1
"GO:1901222","regulation of non-canonical NF-kappaB signal transduction","1/7","37/3915",0.027027027027027,15.1158301158301,3.65077893333501,0.0643573345931627,0.14127219788743,0.095007618462307,"TLR2",1
"GO:0032273","positive regulation of protein polymerization","1/7","38/3915",0.0263157894736842,14.718045112782,3.5959883633536,0.0660462202707923,0.143810318331564,0.0967145415680108,"PRKCE",1
"GO:0071331","cellular response to hexose stimulus","1/7","38/3915",0.0263157894736842,14.718045112782,3.5959883633536,0.0660462202707923,0.143810318331564,0.0967145415680108,"PRKCE",1
"GO:0010811","positive regulation of cell-substrate adhesion","1/7","39/3915",0.0256410256410256,14.3406593406593,3.5432342627664,0.0677324922486372,0.145289624438393,0.0977093965521353,"PRKCE",1
"GO:0071326","cellular response to monosaccharide stimulus","1/7","39/3915",0.0256410256410256,14.3406593406593,3.5432342627664,0.0677324922486372,0.145289624438393,0.0977093965521353,"PRKCE",1
"GO:1903034","regulation of response to wounding","1/7","39/3915",0.0256410256410256,14.3406593406593,3.5432342627664,0.0677324922486372,0.145289624438393,0.0977093965521353,"PRKCE",1
"GO:0033993","response to lipid","2/7","250/3915",0.008,4.47428571428571,2.40259571720737,0.068911478223862,0.145289624438393,0.0977093965521353,"PRKCE/TLR2",2
"GO:0010631","epithelial cell migration","1/7","40/3915",0.025,13.9821428571429,3.49238954353058,0.0694161538983431,0.145289624438393,0.0977093965521353,"PRKCE",1
"GO:0050764","regulation of phagocytosis","1/7","40/3915",0.025,13.9821428571429,3.49238954353058,0.0694161538983431,0.145289624438393,0.0977093965521353,"TLR2",1
"GO:0051208","sequestering of calcium ion","1/7","40/3915",0.025,13.9821428571429,3.49238954353058,0.0694161538983431,0.145289624438393,0.0977093965521353,"PRKCE",1
"GO:0071346","cellular response to type II interferon","1/7","40/3915",0.025,13.9821428571429,3.49238954353058,0.0694161538983431,0.145289624438393,0.0977093965521353,"TLR2",1
"GO:0090130","tissue migration","1/7","40/3915",0.025,13.9821428571429,3.49238954353058,0.0694161538983431,0.145289624438393,0.0977093965521353,"PRKCE",1
"GO:0090132","epithelium migration","1/7","40/3915",0.025,13.9821428571429,3.49238954353058,0.0694161538983431,0.145289624438393,0.0977093965521353,"PRKCE",1
"GO:0071345","cellular response to cytokine stimulus","2/7","253/3915",0.00790513833992095,4.42123094297007,2.38103420885441,0.0703948494965197,0.146536231441071,0.0985477579866849,"MX1/TLR2",2
"GO:0050796","regulation of insulin secretion","1/7","41/3915",0.024390243902439,13.6411149825784,3.44333799665998,0.071097208588075,0.146536231441071,0.0985477579866849,"PRKCE",1
"GO:0051302","regulation of cell division","1/7","41/3915",0.024390243902439,13.6411149825784,3.44333799665998,0.071097208588075,0.146536231441071,0.0985477579866849,"PRKCE",1
"GO:0051606","detection of stimulus","1/7","41/3915",0.024390243902439,13.6411149825784,3.44333799665998,0.071097208588075,0.146536231441071,0.0985477579866849,"TLR2",1
"GO:0140352","export from cell","2/7","257/3915",0.00778210116731518,4.35241801000556,2.35280009679264,0.0723906840826888,0.148634864656471,0.099959119505814,"PRKCE/TLR2",2
"GO:0007612","learning","1/7","42/3915",0.0238095238095238,13.3163265306122,3.39597312173931,0.0727756596825211,0.148859303896066,0.100110058175717,"TLR2",1
"GO:0051050","positive regulation of transport","2/7","260/3915",0.00769230769230769,4.3021978021978,2.33199825172432,0.0739009031851532,0.148903021085786,0.100139458624944,"PRKCE/TLR2",2
"GO:0046903","secretion","2/7","261/3915",0.00766283524904215,4.28571428571429,2.32513370285583,0.0744068266171483,0.148903021085786,0.100139458624944,"PRKCE/TLR2",2
"GO:0051092","positive regulation of NF-kappaB transcription factor activity","1/7","43/3915",0.0232558139534884,13.0066445182724,3.35019710686477,0.0744515105428932,0.148903021085786,0.100139458624944,"TLR2",1
"GO:0051961","negative regulation of nervous system development","1/7","43/3915",0.0232558139534884,13.0066445182724,3.35019710686477,0.0744515105428932,0.148903021085786,0.100139458624944,"TLR2",1
"GO:0071322","cellular response to carbohydrate stimulus","1/7","43/3915",0.0232558139534884,13.0066445182724,3.35019710686477,0.0744515105428932,0.148903021085786,0.100139458624944,"PRKCE",1
"GO:0098739","import across plasma membrane","1/7","43/3915",0.0232558139534884,13.0066445182724,3.35019710686477,0.0744515105428932,0.148903021085786,0.100139458624944,"SLC1A3",1
"GO:0032760","positive regulation of tumor necrosis factor production","1/7","44/3915",0.0227272727272727,12.711038961039,3.30591993667728,0.0761247645269324,0.14896996274472,0.100184477869256,"TLR2",1
"GO:0038061","non-canonical NF-kappaB signal transduction","1/7","44/3915",0.0227272727272727,12.711038961039,3.30591993667728,0.0761247645269324,0.14896996274472,0.100184477869256,"TLR2",1
"GO:0071456","cellular response to hypoxia","1/7","44/3915",0.0227272727272727,12.711038961039,3.30591993667728,0.0761247645269324,0.14896996274472,0.100184477869256,"PRKCE",1
"GO:0071805","potassium ion transmembrane transport","1/7","44/3915",0.0227272727272727,12.711038961039,3.30591993667728,0.0761247645269324,0.14896996274472,0.100184477869256,"SLC1A3",1
"GO:0090276","regulation of peptide hormone secretion","1/7","44/3915",0.0227272727272727,12.711038961039,3.30591993667728,0.0761247645269324,0.14896996274472,0.100184477869256,"PRKCE",1
"GO:0006811","monoatomic ion transport","2/7","265/3915",0.00754716981132075,4.22102425876011,2.298013912044,0.0764429838674825,0.14896996274472,0.100184477869256,"PRKCE/SLC1A3",2
"GO:0031347","regulation of defense response","2/7","267/3915",0.00749063670411985,4.18940609951846,2.2846526948473,0.0774684769450557,0.14896996274472,0.100184477869256,"PRKCE/TLR2",2
"GO:0001678","intracellular glucose homeostasis","1/7","45/3915",0.0222222222222222,12.4285714285714,3.26305860989596,0.0777954249889093,0.14896996274472,0.100184477869256,"PRKCE",1
"GO:0002791","regulation of peptide secretion","1/7","45/3915",0.0222222222222222,12.4285714285714,3.26305860989596,0.0777954249889093,0.14896996274472,0.100184477869256,"PRKCE",1
"GO:0009749","response to glucose","1/7","45/3915",0.0222222222222222,12.4285714285714,3.26305860989596,0.0777954249889093,0.14896996274472,0.100184477869256,"PRKCE",1
"GO:0090087","regulation of peptide transport","1/7","45/3915",0.0222222222222222,12.4285714285714,3.26305860989596,0.0777954249889093,0.14896996274472,0.100184477869256,"PRKCE",1
"GO:1903557","positive regulation of tumor necrosis factor superfamily cytokine production","1/7","45/3915",0.0222222222222222,12.4285714285714,3.26305860989596,0.0777954249889093,0.14896996274472,0.100184477869256,"TLR2",1
"GO:0050778","positive regulation of immune response","2/7","269/3915",0.00743494423791822,4.15825809877854,2.27142070090703,0.0784988646815481,0.149785819533696,0.100733153487573,"PRKCE/TLR2",2
"GO:0048878","chemical homeostasis","2/7","270/3915",0.00740740740740741,4.14285714285714,2.26485242775899,0.0790158827698133,0.150241467238377,0.101039583230488,"PRKCE/SLC1A3",2
"GO:1903076","regulation of protein localization to plasma membrane","1/7","46/3915",0.0217391304347826,12.1583850931677,3.22153645080598,0.0794634952796269,0.150562412108767,0.101255423348001,"PRKCE",1
"GO:0009746","response to hexose","1/7","47/3915",0.0212765957446809,11.8996960486322,3.18128250164772,0.0811289787464253,0.151067753527826,0.101595272840351,"PRKCE",1
"GO:0036294","cellular response to decreased oxygen levels","1/7","47/3915",0.0212765957446809,11.8996960486322,3.18128250164772,0.0811289787464253,0.151067753527826,0.101595272840351,"PRKCE",1
"GO:0050729","positive regulation of inflammatory response","1/7","47/3915",0.0212765957446809,11.8996960486322,3.18128250164772,0.0811289787464253,0.151067753527826,0.101595272840351,"TLR2",1
"GO:0051963","regulation of synapse assembly","1/7","47/3915",0.0212765957446809,11.8996960486322,3.18128250164772,0.0811289787464253,0.151067753527826,0.101595272840351,"TLR2",1
"GO:0062013","positive regulation of small molecule metabolic process","1/7","47/3915",0.0212765957446809,11.8996960486322,3.18128250164772,0.0811289787464253,0.151067753527826,0.101595272840351,"PRKCE",1
"GO:0006814","sodium ion transport","1/7","48/3915",0.0208333333333333,11.6517857142857,3.14223098490335,0.0827918787331818,0.153108268890131,0.102967549253597,"PRKCE",1
"GO:1903900","regulation of viral life cycle","1/7","48/3915",0.0208333333333333,11.6517857142857,3.14223098490335,0.0827918787331818,0.153108268890131,0.102967549253597,"MX1",1
"GO:0006813","potassium ion transport","1/7","49/3915",0.0204081632653061,11.4139941690962,3.10432082616885,0.0844521985803159,0.153549451964211,0.10326425132096,"SLC1A3",1
"GO:0030177","positive regulation of Wnt signaling pathway","1/7","49/3915",0.0204081632653061,11.4139941690962,3.10432082616885,0.0844521985803159,0.153549451964211,0.10326425132096,"TLR2",1
"GO:0034284","response to monosaccharide","1/7","49/3915",0.0204081632653061,11.4139941690962,3.10432082616885,0.0844521985803159,0.153549451964211,0.10326425132096,"PRKCE",1
"GO:0034341","response to type II interferon","1/7","49/3915",0.0204081632653061,11.4139941690962,3.10432082616885,0.0844521985803159,0.153549451964211,0.10326425132096,"TLR2",1
"GO:1903169","regulation of calcium ion transmembrane transport","1/7","49/3915",0.0204081632653061,11.4139941690962,3.10432082616885,0.0844521985803159,0.153549451964211,0.10326425132096,"PRKCE",1
"GO:0009725","response to hormone","2/7","283/3915",0.00706713780918728,3.95254921756689,2.18222535161784,0.085845615558992,0.15445282083174,0.103871780091521,"PRKCE/TLR2",2
"GO:0030073","insulin secretion","1/7","50/3915",0.02,11.1857142857143,3.06749522970271,0.0861099416247906,0.15445282083174,0.103871780091521,"PRKCE",1
"GO:0046822","regulation of nucleocytoplasmic transport","1/7","50/3915",0.02,11.1857142857143,3.06749522970271,0.0861099416247906,0.15445282083174,0.103871780091521,"MX2",1
"GO:0097553","calcium ion transmembrane import into cytosol","1/7","50/3915",0.02,11.1857142857143,3.06749522970271,0.0861099416247906,0.15445282083174,0.103871780091521,"PRKCE",1
"GO:0007267","cell-cell signaling","2/7","284/3915",0.00704225352112676,3.93863179074447,2.17607255347821,0.0863791701688618,0.15445282083174,0.103871780091521,"PRKCE/SLC1A3",2
"GO:0003018","vascular process in circulatory system","1/7","51/3915",0.0196078431372549,10.9663865546218,3.03170129991039,0.087765111200114,0.155898552789676,0.104844055969665,"SLC1A3",1
"GO:0019079","viral genome replication","1/7","51/3915",0.0196078431372549,10.9663865546218,3.03170129991039,0.087765111200114,0.155898552789676,0.104844055969665,"MX1",1
"GO:0042180","cellular ketone metabolic process","1/7","52/3915",0.0192307692307692,10.7554945054945,2.99688970300026,0.0894177106363458,0.157617247950166,0.105999903592217,"PRKCE",1
"GO:2000377","regulation of reactive oxygen species metabolic process","1/7","52/3915",0.0192307692307692,10.7554945054945,2.99688970300026,0.0894177106363458,0.157617247950166,0.105999903592217,"PRKCE",1
"GO:0006836","neurotransmitter transport","1/7","53/3915",0.0188679245283019,10.5525606469003,2.96301436386553,0.0910677432600958,0.157617247950166,0.105999903592217,"SLC1A3",1
"GO:0030072","peptide hormone secretion","1/7","53/3915",0.0188679245283019,10.5525606469003,2.96301436386553,0.0910677432600958,0.157617247950166,0.105999903592217,"PRKCE",1
"GO:0030833","regulation of actin filament polymerization","1/7","53/3915",0.0188679245283019,10.5525606469003,2.96301436386553,0.0910677432600958,0.157617247950166,0.105999903592217,"PRKCE",1
"GO:0032635","interleukin-6 production","1/7","53/3915",0.0188679245283019,10.5525606469003,2.96301436386553,0.0910677432600958,0.157617247950166,0.105999903592217,"TLR2",1
"GO:0032675","regulation of interleukin-6 production","1/7","53/3915",0.0188679245283019,10.5525606469003,2.96301436386553,0.0910677432600958,0.157617247950166,0.105999903592217,"TLR2",1
"GO:0046883","regulation of hormone secretion","1/7","53/3915",0.0188679245283019,10.5525606469003,2.96301436386553,0.0910677432600958,0.157617247950166,0.105999903592217,"PRKCE",1
"GO:0042552","myelination","1/7","54/3915",0.0185185185185185,10.3571428571429,2.93003219393648,0.0927152123945285,0.15923270479393,0.107086321937438,"TLR2",1
"GO:0071453","cellular response to oxygen levels","1/7","54/3915",0.0185185185185185,10.3571428571429,2.93003219393648,0.0927152123945285,0.15923270479393,0.107086321937438,"PRKCE",1
"GO:0006897","endocytosis","2/7","297/3915",0.00673400673400673,3.76623376623377,2.09852899813855,0.0934182658870161,0.15923270479393,0.107086321937438,"PRKCE/TLR2",2
"GO:0002790","peptide secretion","1/7","55/3915",0.0181818181818182,10.1688311688312,2.89790284632981,0.094360121359366,0.15923270479393,0.107086321937438,"PRKCE",1
"GO:0007272","ensheathment of neurons","1/7","55/3915",0.0181818181818182,10.1688311688312,2.89790284632981,0.094360121359366,0.15923270479393,0.107086321937438,"TLR2",1
"GO:0008366","axon ensheathment","1/7","55/3915",0.0181818181818182,10.1688311688312,2.89790284632981,0.094360121359366,0.15923270479393,0.107086321937438,"TLR2",1
"GO:0032479","regulation of type I interferon production","1/7","55/3915",0.0181818181818182,10.1688311688312,2.89790284632981,0.094360121359366,0.15923270479393,0.107086321937438,"TLR2",1
"GO:0032606","type I interferon production","1/7","55/3915",0.0181818181818182,10.1688311688312,2.89790284632981,0.094360121359366,0.15923270479393,0.107086321937438,"TLR2",1
"GO:0009743","response to carbohydrate","1/7","56/3915",0.0178571428571429,9.98724489795918,2.86658849511574,0.0960024734708905,0.160997936876649,0.108273466320553,"PRKCE",1
"GO:1904375","regulation of protein localization to cell periphery","1/7","56/3915",0.0178571428571429,9.98724489795918,2.86658849511574,0.0960024734708905,0.160997936876649,0.108273466320553,"PRKCE",1
"GO:0032880","regulation of protein localization","2/7","303/3915",0.0066006600660066,3.69165487977369,2.0641866790595,0.0967298826421761,0.161715593271749,0.108756100738311,"PRKCE/TLR2",2
"GO:0006520","amino acid metabolic process","1/7","57/3915",0.0175438596491228,9.81203007518797,2.83605363594339,0.0976422720419464,0.162737120069911,0.109443092444677,"SLC1A3",1
"GO:0009612","response to mechanical stimulus","1/7","58/3915",0.0172413793103448,9.64285714285714,2.80626490562303,0.0992795203819427,0.164956741557689,0.110935820345814,"SLC1A3",1
"GO:0007626","locomotory behavior","1/7","59/3915",0.0169491525423729,9.47941888619855,2.77719091857017,0.100914221796858,0.165634285016119,0.111391478227214,"PRKCE",1
"GO:0008064","regulation of actin polymerization or depolymerization","1/7","59/3915",0.0169491525423729,9.47941888619855,2.77719091857017,0.100914221796858,0.165634285016119,0.111391478227214,"PRKCE",1
"GO:0030832","regulation of actin filament length","1/7","59/3915",0.0169491525423729,9.47941888619855,2.77719091857017,0.100914221796858,0.165634285016119,0.111391478227214,"PRKCE",1
"GO:0042742","defense response to bacterium","1/7","59/3915",0.0169491525423729,9.47941888619855,2.77719091857017,0.100914221796858,0.165634285016119,0.111391478227214,"TLR2",1
"GO:0015833","peptide transport","1/7","60/3915",0.0166666666666667,9.32142857142857,2.74880211827932,0.102546379589239,0.167803166600573,0.112850082801555,"PRKCE",1
"GO:0051726","regulation of cell cycle","2/7","314/3915",0.00636942675159236,3.56232939035487,2.00341247868216,0.102900216910395,0.16787346565442,0.112897359943031,"MX2/PRKCE",2
"GO:0045321","leukocyte activation","2/7","319/3915",0.00626959247648903,3.50649350649351,1.97667030023931,0.105746053435273,0.171058867813501,0.11503958946522,"PRKCE/TLR2",2
"GO:0006109","regulation of carbohydrate metabolic process","1/7","62/3915",0.0161290322580645,9.02073732718894,2.69397019875067,0.105803077499462,0.171058867813501,0.11503958946522,"PRKCE",1
"GO:0007600","sensory perception","1/7","62/3915",0.0161290322580645,9.02073732718894,2.69397019875067,0.105803077499462,0.171058867813501,0.11503958946522,"SLC1A3",1
"GO:0050792","regulation of viral process","1/7","63/3915",0.0158730158730159,8.87755102040816,2.66747595478728,0.107427624205276,0.172222852921625,0.115822386467759,"MX1",1
"GO:0032640","tumor necrosis factor production","1/7","64/3915",0.015625,8.73883928571429,2.64156443316388,0.109049640464509,0.172222852921625,0.115822386467759,"TLR2",1
"GO:0032680","regulation of tumor necrosis factor production","1/7","64/3915",0.015625,8.73883928571429,2.64156443316388,0.109049640464509,0.172222852921625,0.115822386467759,"TLR2",1
"GO:0051028","mRNA transport","1/7","64/3915",0.015625,8.73883928571429,2.64156443316388,0.109049640464509,0.172222852921625,0.115822386467759,"MX2",1
"GO:0051091","positive regulation of DNA-binding transcription factor activity","1/7","64/3915",0.015625,8.73883928571429,2.64156443316388,0.109049640464509,0.172222852921625,0.115822386467759,"TLR2",1
"GO:0055085","transmembrane transport","2/7","326/3915",0.00613496932515337,3.43120070113935,1.94010411283799,0.10977208879583,0.172222852921625,0.115822386467759,"PRKCE/SLC1A3",2
"GO:0010001","glial cell differentiation","1/7","65/3915",0.0153846153846154,8.6043956043956,2.61621341868135,0.1106691295626,0.172222852921625,0.115822386467759,"TLR2",1
"GO:0015849","organic acid transport","1/7","65/3915",0.0153846153846154,8.6043956043956,2.61621341868135,0.1106691295626,0.172222852921625,0.115822386467759,"SLC1A3",1
"GO:0046942","carboxylic acid transport","1/7","65/3915",0.0153846153846154,8.6043956043956,2.61621341868135,0.1106691295626,0.172222852921625,0.115822386467759,"SLC1A3",1
"GO:0071706","tumor necrosis factor superfamily cytokine production","1/7","65/3915",0.0153846153846154,8.6043956043956,2.61621341868135,0.1106691295626,0.172222852921625,0.115822386467759,"TLR2",1
"GO:0097305","response to alcohol","1/7","65/3915",0.0153846153846154,8.6043956043956,2.61621341868135,0.1106691295626,0.172222852921625,0.115822386467759,"PRKCE",1
"GO:1903555","regulation of tumor necrosis factor superfamily cytokine production","1/7","65/3915",0.0153846153846154,8.6043956043956,2.61621341868135,0.1106691295626,0.172222852921625,0.115822386467759,"TLR2",1
"GO:1905475","regulation of protein localization to membrane","1/7","65/3915",0.0153846153846154,8.6043956043956,2.61621341868135,0.1106691295626,0.172222852921625,0.115822386467759,"PRKCE",1
"GO:0000910","cytokinesis","1/7","66/3915",0.0151515151515152,8.47402597402597,2.59140187200562,0.112286094781577,0.17324140337729,0.116507376540283,"PRKCE",1
"GO:0046879","hormone secretion","1/7","66/3915",0.0151515151515152,8.47402597402597,2.59140187200562,0.112286094781577,0.17324140337729,0.116507376540283,"PRKCE",1
"GO:0051924","regulation of calcium ion transport","1/7","66/3915",0.0151515151515152,8.47402597402597,2.59140187200562,0.112286094781577,0.17324140337729,0.116507376540283,"PRKCE",1
"GO:0009914","hormone transport","1/7","67/3915",0.0149253731343284,8.34754797441365,2.56710985064553,0.113900539400057,0.174733782034178,0.117511023005441,"PRKCE",1
"GO:0072593","reactive oxygen species metabolic process","1/7","67/3915",0.0149253731343284,8.34754797441365,2.56710985064553,0.113900539400057,0.174733782034178,0.117511023005441,"PRKCE",1
"GO:0050776","regulation of immune response","2/7","334/3915",0.00598802395209581,3.34901625320787,1.89949978084286,0.114431447173011,0.175050939018203,0.117724315713996,"PRKCE/TLR2",2
"GO:0030041","actin filament polymerization","1/7","69/3915",0.0144927536231884,8.1055900621118,2.52000966820152,0.117121879932953,0.176664288167025,0.118809316603555,"PRKCE",1
"GO:0042593","glucose homeostasis","1/7","69/3915",0.0144927536231884,8.1055900621118,2.52000966820152,0.117121879932953,0.176664288167025,0.118809316603555,"PRKCE",1
"GO:0051495","positive regulation of cytoskeleton organization","1/7","69/3915",0.0144927536231884,8.1055900621118,2.52000966820152,0.117121879932953,0.176664288167025,0.118809316603555,"PRKCE",1
"GO:0060759","regulation of response to cytokine stimulus","1/7","69/3915",0.0144927536231884,8.1055900621118,2.52000966820152,0.117121879932953,0.176664288167025,0.118809316603555,"TLR2",1
"GO:0090068","positive regulation of cell cycle process","1/7","69/3915",0.0144927536231884,8.1055900621118,2.52000966820152,0.117121879932953,0.176664288167025,0.118809316603555,"PRKCE",1
"GO:0033500","carbohydrate homeostasis","1/7","70/3915",0.0142857142857143,7.98979591836735,2.49716648122168,0.118728782387574,0.177599840690553,0.119438489353296,"PRKCE",1
"GO:0042886","amide transport","1/7","70/3915",0.0142857142857143,7.98979591836735,2.49716648122168,0.118728782387574,0.177599840690553,0.119438489353296,"PRKCE",1
"GO:1902905","positive regulation of supramolecular fiber organization","1/7","70/3915",0.0142857142857143,7.98979591836735,2.49716648122168,0.118728782387574,0.177599840690553,0.119438489353296,"PRKCE",1
"GO:0032101","regulation of response to external stimulus","2/7","342/3915",0.00584795321637427,3.27067669172932,1.86009018032788,0.119150884255819,0.177738888116416,0.119532000780046,"PRKCE/TLR2",2
"GO:0001667","ameboidal-type cell migration","1/7","73/3915",0.0136986301369863,7.6614481409002,2.43127203193955,0.123534457673938,0.183616654310594,0.123484884477885,"PRKCE",1
"GO:1902533","positive regulation of intracellular signal transduction","2/7","350/3915",0.00571428571428571,3.19591836734694,1.82180797773495,0.123928369070765,0.183616654310594,0.123484884477885,"PRKCE/TLR2",2
"GO:0007416","synapse assembly","1/7","74/3915",0.0135135135135135,7.55791505791506,2.41013653699988,0.125131349604256,0.183616654310594,0.123484884477885,"TLR2",1
"GO:0010810","regulation of cell-substrate adhesion","1/7","74/3915",0.0135135135135135,7.55791505791506,2.41013653699988,0.125131349604256,0.183616654310594,0.123484884477885,"PRKCE",1
"GO:0050657","nucleic acid transport","1/7","74/3915",0.0135135135135135,7.55791505791506,2.41013653699988,0.125131349604256,0.183616654310594,0.123484884477885,"MX2",1
"GO:0050658","RNA transport","1/7","74/3915",0.0135135135135135,7.55791505791506,2.41013653699988,0.125131349604256,0.183616654310594,0.123484884477885,"MX2",1
"GO:0018105","peptidyl-serine phosphorylation","1/7","75/3915",0.0133333333333333,7.45714285714286,2.38939289222293,0.126725747040542,0.18527147792687,0.124597777553158,"PRKCE",1
"GO:0001775","cell activation","2/7","356/3915",0.00561797752808989,3.14205457463884,1.79379863662392,0.127548371847099,0.18527147792687,0.124597777553158,"PRKCE/TLR2",2
"GO:0007611","learning or memory","1/7","76/3915",0.0131578947368421,7.35902255639098,2.3690283543268,0.128317653230832,0.18527147792687,0.124597777553158,"TLR2",1
"GO:0031334","positive regulation of protein-containing complex assembly","1/7","76/3915",0.0131578947368421,7.35902255639098,2.3690283543268,0.128317653230832,0.18527147792687,0.124597777553158,"PRKCE",1
"GO:0051236","establishment of RNA localization","1/7","76/3915",0.0131578947368421,7.35902255639098,2.3690283543268,0.128317653230832,0.18527147792687,0.124597777553158,"MX2",1
"GO:0051651","maintenance of location in cell","1/7","76/3915",0.0131578947368421,7.35902255639098,2.3690283543268,0.128317653230832,0.18527147792687,0.124597777553158,"PRKCE",1
"GO:0018209","peptidyl-serine modification","1/7","77/3915",0.012987012987013,7.26345083487941,2.34903075729661,0.129907071419783,0.187066182844488,0.125804742848632,"PRKCE",1
"GO:0031396","regulation of protein ubiquitination","1/7","78/3915",0.0128205128205128,7.17032967032967,2.32938847909768,0.131494004848669,0.18884777292096,0.127002888221698,"PRKCE",1
"GO:0044087","regulation of cellular component biogenesis","2/7","365/3915",0.00547945205479452,3.06457925636008,1.75285490537114,0.133035667521853,0.189111491178701,0.127180242605559,"PRKCE/TLR2",2
"GO:0008154","actin polymerization or depolymerization","1/7","79/3915",0.0126582278481013,7.07956600361664,2.31009041070794,0.133078456755382,0.189111491178701,0.127180242605559,"PRKCE",1
"GO:0015711","organic anion transport","1/7","79/3915",0.0126582278481013,7.07956600361664,2.31009041070794,0.133078456755382,0.189111491178701,0.127180242605559,"SLC1A3",1
"GO:0016042","lipid catabolic process","1/7","79/3915",0.0126582278481013,7.07956600361664,2.31009041070794,0.133078456755382,0.189111491178701,0.127180242605559,"PRKCE",1
"GO:0006874","intracellular calcium ion homeostasis","1/7","80/3915",0.0125,6.99107142857143,2.29112592728104,0.134660430374442,0.190857302892909,0.128354326506927,"PRKCE",1
"GO:0016053","organic acid biosynthetic process","1/7","81/3915",0.0123456790123457,6.9047619047619,2.27248486126871,0.136239928936992,0.191089770457079,0.12851066434248,"SLC1A3",1
"GO:0032271","regulation of protein polymerization","1/7","81/3915",0.0123456790123457,6.9047619047619,2.27248486126871,0.136239928936992,0.191089770457079,0.12851066434248,"PRKCE",1
"GO:0046394","carboxylic acid biosynthetic process","1/7","81/3915",0.0123456790123457,6.9047619047619,2.27248486126871,0.136239928936992,0.191089770457079,0.12851066434248,"SLC1A3",1
"GO:0050769","positive regulation of neurogenesis","1/7","81/3915",0.0123456790123457,6.9047619047619,2.27248486126871,0.136239928936992,0.191089770457079,0.12851066434248,"TLR2",1
"GO:0002684","positive regulation of immune system process","2/7","371/3915",0.00539083557951483,3.01501732768579,1.72623944631574,0.136730861447702,0.19128151601492,0.128639616033426,"PRKCE/TLR2",2
"GO:1904062","regulation of monoatomic cation transmembrane transport","1/7","82/3915",0.0121951219512195,6.8205574912892,2.25415747734704,0.137816955670805,0.192302728842984,0.129326396590311,"PRKCE",1
"GO:0009416","response to light stimulus","1/7","83/3915",0.0120481927710843,6.73838209982788,2.23613444900506,0.139391513800287,0.193998498588028,0.130466826535809,"SLC1A3",1
"GO:0006468","protein phosphorylation","2/7","376/3915",0.00531914893617021,2.97492401215805,1.70445753053715,0.13983211049845,0.194111413031268,0.130542763149683,"PRKCE/TLR2",2
"GO:0043123","positive regulation of canonical NF-kappaB signal transduction","1/7","85/3915",0.0117647058823529,6.57983193277311,2.20096606723047,0.142533237127049,0.196848971991321,0.132383811573111,"PRKCE",1
"GO:0055074","calcium ion homeostasis","1/7","85/3915",0.0117647058823529,6.57983193277311,2.20096606723047,0.142533237127049,0.196848971991321,0.132383811573111,"PRKCE",1
"GO:0003008","system process","2/7","381/3915",0.005249343832021,2.93588301462317,1.68302465366805,0.142952792853979,0.196924765666195,0.132434783927558,"SLC1A3/TLR2",2
"GO:0070588","calcium ion transmembrane transport","1/7","86/3915",0.0116279069767442,6.50332225913621,2.18380391491418,0.144100408756321,0.197498022153334,0.132820307296101,"PRKCE",1
"GO:1901888","regulation of cell junction assembly","1/7","86/3915",0.0116279069767442,6.50332225913621,2.18380391491418,0.144100408756321,0.197498022153334,0.132820307296101,"TLR2",1
"GO:0050890","cognition","1/7","87/3915",0.0114942528735632,6.42857142857143,2.16691248331608,0.145665124645249,0.199137132426417,0.13392263291835,"TLR2",1
"GO:0034765","regulation of monoatomic ion transmembrane transport","1/7","88/3915",0.0113636363636364,6.35551948051948,2.15028418859353,0.147227388001436,0.200258915669459,0.134677048549636,"PRKCE",1
"GO:1903320","regulation of protein modification by small protein conjugation or removal","1/7","88/3915",0.0113636363636364,6.35551948051948,2.15028418859353,0.147227388001436,0.200258915669459,0.134677048549636,"PRKCE",1
"GO:0051962","positive regulation of nervous system development","1/7","89/3915",0.0112359550561798,6.28410914927769,2.13391174368288,0.148787202029131,0.201366138084538,0.135421671811239,"TLR2",1
"GO:1901873","regulation of post-translational protein modification","1/7","89/3915",0.0112359550561798,6.28410914927769,2.13391174368288,0.148787202029131,0.201366138084538,0.135421671811239,"PRKCE",1
"GO:0002573","myeloid leukocyte differentiation","1/7","90/3915",0.0111111111111111,6.21428571428571,2.11778814348343,0.150344569929235,0.201955392442256,0.135817953981634,"TLR2",1
"GO:0015931","nucleobase-containing compound transport","1/7","90/3915",0.0111111111111111,6.21428571428571,2.11778814348343,0.150344569929235,0.201955392442256,0.135817953981634,"MX2",1
"GO:0045787","positive regulation of cell cycle","1/7","90/3915",0.0111111111111111,6.21428571428571,2.11778814348343,0.150344569929235,0.201955392442256,0.135817953981634,"PRKCE",1
"GO:0009410","response to xenobiotic stimulus","1/7","91/3915",0.010989010989011,6.14599686028257,2.10190665093693,0.151899494899299,0.203537784728589,0.136882135928583,"SLC1A3",1
"GO:0006403","RNA localization","1/7","93/3915",0.010752688172043,6.01382488479263,2.07084430302554,0.155002028822798,0.20666937176373,0.138988173993152,"MX2",1
"GO:0050878","regulation of body fluid levels","1/7","93/3915",0.010752688172043,6.01382488479263,2.07084430302554,0.155002028822798,0.20666937176373,0.138988173993152,"PRKCE",1
"GO:0042063","gliogenesis","1/7","95/3915",0.0105263157894737,5.88721804511278,2.04067568589679,0.1580948293132,0.210273910909182,0.141412279266409,"TLR2",1
"GO:0062012","regulation of small molecule metabolic process","1/7","97/3915",0.0103092783505155,5.76583210603829,2.01135531246758,0.161177921830688,0.213847856974377,0.143815810245926,"PRKCE",1
"GO:0010817","regulation of hormone levels","1/7","98/3915",0.0102040816326531,5.7069970845481,1.99699988714097,0.162715835541318,0.214832643501984,0.144478093583206,"PRKCE",1
"GO:0019216","regulation of lipid metabolic process","1/7","98/3915",0.0102040816326531,5.7069970845481,1.99699988714097,0.162715835541318,0.214832643501984,0.144478093583206,"PRKCE",1
"GO:0050807","regulation of synapse organization","1/7","99/3915",0.0101010101010101,5.64935064935065,1.98284090179925,0.164251331782137,0.216331022347205,0.145485775262741,"TLR2",1
"GO:0048545","response to steroid hormone","1/7","100/3915",0.01,5.59285714285714,1.96887352540699,0.165784413720693,0.217290250993141,0.146130870550943,"TLR2",1
"GO:0050803","regulation of synapse structure or activity","1/7","100/3915",0.01,5.59285714285714,1.96887352540699,0.165784413720693,0.217290250993141,0.146130870550943,"TLR2",1
"GO:0030111","regulation of Wnt signaling pathway","1/7","101/3915",0.0099009900990099,5.53748231966054,1.95509309328968,0.167315084521205,0.218765485814651,0.147122987536169,"TLR2",1
"GO:0010959","regulation of metal ion transport","1/7","102/3915",0.00980392156862745,5.48319327731092,1.94149509981235,0.16884334734458,0.219699777267646,0.14775131219754,"PRKCE",1
"GO:0110053","regulation of actin filament organization","1/7","102/3915",0.00980392156862745,5.48319327731092,1.94149509981235,0.16884334734458,0.219699777267646,0.14775131219754,"PRKCE",1
"GO:0006816","calcium ion transport","1/7","104/3915",0.00961538461538462,5.37774725274725,1.91482916021821,0.171892661686958,0.223129897382109,0.150058118122471,"PRKCE",1
"GO:0032386","regulation of intracellular transport","1/7","107/3915",0.00934579439252336,5.22696929238985,1.87609430427404,0.176448652204082,0.228494657530466,0.153665997754407,"MX2",1
"GO:0031589","cell-substrate adhesion","1/7","108/3915",0.00925925925925926,5.17857142857143,1.86350440155599,0.177962533358119,0.229903751228191,0.154613633866912,"PRKCE",1
"GO:0002366","leukocyte activation involved in immune response","1/7","110/3915",0.00909090909090909,5.08441558441558,1.83878558204323,0.180983140970126,0.23213989578116,0.156117473770955,"PRKCE",1
"GO:0032868","response to insulin","1/7","110/3915",0.00909090909090909,5.08441558441558,1.83878558204323,0.180983140970126,0.23213989578116,0.156117473770955,"TLR2",1
"GO:0050727","regulation of inflammatory response","1/7","110/3915",0.00909090909090909,5.08441558441558,1.83878558204323,0.180983140970126,0.23213989578116,0.156117473770955,"TLR2",1
"GO:0009719","response to endogenous stimulus","2/7","444/3915",0.0045045045045045,2.51930501930502,1.43876976901189,0.183752274873667,0.23378090383132,0.157221075676034,"PRKCE/TLR2",2
"GO:0080134","regulation of response to stress","2/7","444/3915",0.0045045045045045,2.51930501930502,1.43876976901189,0.183752274873667,0.23378090383132,0.157221075676034,"PRKCE/TLR2",2
"GO:0043122","regulation of canonical NF-kappaB signal transduction","1/7","112/3915",0.00892857142857143,4.99362244897959,1.81465891526675,0.183994229867242,0.23378090383132,0.157221075676034,"PRKCE",1
"GO:0051090","regulation of DNA-binding transcription factor activity","1/7","112/3915",0.00892857142857143,4.99362244897959,1.81465891526675,0.183994229867242,0.23378090383132,0.157221075676034,"TLR2",1
"GO:0002263","cell activation involved in immune response","1/7","113/3915",0.00884955752212389,4.94943109987358,1.80280959292963,0.185496212615318,0.234287112603191,0.15756150847583,"PRKCE",1
"GO:0016310","phosphorylation","2/7","447/3915",0.00447427293064877,2.50239693192713,1.42817378920469,0.185755396689154,0.234287112603191,0.15756150847583,"PRKCE/TLR2",2
"GO:0023061","signal release","1/7","114/3915",0.0087719298245614,4.90601503759398,1.79109884956861,0.186995825059213,0.234287112603191,0.15756150847583,"PRKCE",1
"GO:0043269","regulation of monoatomic ion transport","1/7","114/3915",0.0087719298245614,4.90601503759398,1.79109884956861,0.186995825059213,0.234287112603191,0.15756150847583,"PRKCE",1
"GO:0051235","maintenance of location","1/7","114/3915",0.0087719298245614,4.90601503759398,1.79109884956861,0.186995825059213,0.234287112603191,0.15756150847583,"PRKCE",1
"GO:0051258","protein polymerization","1/7","114/3915",0.0087719298245614,4.90601503759398,1.79109884956861,0.186995825059213,0.234287112603191,0.15756150847583,"PRKCE",1
"GO:0019058","viral life cycle","1/7","115/3915",0.00869565217391304,4.86335403726708,1.77952372985358,0.188493070316931,0.235616337896164,0.158455431918473,"MX1",1
"GO:0043410","positive regulation of MAPK cascade","1/7","117/3915",0.00854700854700855,4.78021978021978,1.75676897898157,0.191480471729428,0.238247591552744,0.160224988471144,"PRKCE",1
"GO:0050767","regulation of neurogenesis","1/7","117/3915",0.00854700854700855,4.78021978021978,1.75676897898157,0.191480471729428,0.238247591552744,0.160224988471144,"TLR2",1
"GO:0009314","response to radiation","1/7","119/3915",0.00840336134453781,4.69987995198079,1.73452340706327,0.194458441731217,0.241396686287028,0.162342800719346,"SLC1A3",1
"GO:0042060","wound healing","1/7","120/3915",0.00833333333333333,4.66071428571429,1.72358505652897,0.195943897713272,0.242682809094419,0.163207737110282,"PRKCE",1
"GO:0031400","negative regulation of protein modification process","1/7","122/3915",0.00819672131147541,4.58430913348946,1.70206486182148,0.198907767131441,0.245623471572853,0.16518537561917,"PRKCE",1
"GO:0042592","homeostatic process","2/7","467/3915",0.00428265524625268,2.39522789843989,1.35957170160003,0.199227926942425,0.245623471572853,0.16518537561917,"PRKCE/SLC1A3",2
"GO:0034762","regulation of transmembrane transport","1/7","123/3915",0.00813008130081301,4.54703832752613,1.69147828133915,0.200386186754452,0.246488703524838,0.16576725675647,"PRKCE",1
"GO:0032956","regulation of actin cytoskeleton organization","1/7","124/3915",0.00806451612903226,4.51036866359447,1.68100433171995,0.201862267105907,0.247740055084522,0.166608808974971,"PRKCE",1
"GO:0007049","cell cycle","2/7","473/3915",0.00422832980972516,2.36484445786771,1.33964723206186,0.203307468142666,0.248947920174693,0.167421115906957,"MX2/PRKCE",2
"GO:0051240","positive regulation of multicellular organismal process","2/7","477/3915",0.00419287211740042,2.34501347708895,1.32652378826554,0.206036233033698,0.250876828420083,0.168718334902395,"PRKCE/TLR2",2
"GO:0030100","regulation of endocytosis","1/7","127/3915",0.0078740157480315,4.40382452193476,1.65023650967114,0.206276503367624,0.250876828420083,0.168718334902395,"TLR2",1
"GO:0072659","protein localization to plasma membrane","1/7","127/3915",0.0078740157480315,4.40382452193476,1.65023650967114,0.206276503367624,0.250876828420083,0.168718334902395,"PRKCE",1
"GO:0009967","positive regulation of signal transduction","2/7","482/3915",0.004149377593361,2.32068761114404,1.31029436846533,0.209457052945532,0.254172603574353,0.170934791877489,"PRKCE/TLR2",2
"GO:0003013","circulatory system process","1/7","132/3915",0.00757575757575758,4.23701298701299,1.60101495961327,0.213587065693933,0.258024643120188,0.173525344788431,"SLC1A3",1
"GO:0016055","Wnt signaling pathway","1/7","132/3915",0.00757575757575758,4.23701298701299,1.60101495961327,0.213587065693933,0.258024643120188,0.173525344788431,"TLR2",1
"GO:0032970","regulation of actin filament-based process","1/7","133/3915",0.0075187969924812,4.20515574650913,1.59146227828845,0.215042231049509,0.258625400371347,0.173929362822836,"PRKCE",1
"GO:0051960","regulation of nervous system development","1/7","133/3915",0.0075187969924812,4.20515574650913,1.59146227828845,0.215042231049509,0.258625400371347,0.173929362822836,"TLR2",1
"GO:0032535","regulation of cellular component size","1/7","135/3915",0.00740740740740741,4.14285714285714,1.57263442547845,0.217945639119062,0.261534766942875,0.175885954376787,"PRKCE",1
"GO:1902903","regulation of supramolecular fiber organization","1/7","140/3915",0.00714285714285714,3.99489795918367,1.52710789666673,0.225163919457275,0.269001142714444,0.180907201240708,"PRKCE",1
"GO:1990778","protein localization to cell periphery","1/7","140/3915",0.00714285714285714,3.99489795918367,1.52710789666673,0.225163919457275,0.269001142714444,0.180907201240708,"PRKCE",1
"GO:0044283","small molecule biosynthetic process","1/7","141/3915",0.00709219858156028,3.96656534954407,1.51825486448283,0.226600701593381,0.270120041634494,0.181659677122613,"SLC1A3",1
"GO:0006913","nucleocytoplasmic transport","1/7","144/3915",0.00694444444444444,3.88392857142857,1.4921745641091,0.230897354712811,0.274032025373446,0.184290543379803,"MX2",1
"GO:0051169","nuclear transport","1/7","144/3915",0.00694444444444444,3.88392857142857,1.4921745641091,0.230897354712811,0.274032025373446,0.184290543379803,"MX2",1
"GO:0034329","cell junction assembly","1/7","147/3915",0.00680272108843537,3.80466472303207,1.46678454551036,0.235173531366465,0.278494971355025,0.187291939800163,"TLR2",1
"GO:0019221","cytokine-mediated signaling pathway","1/7","148/3915",0.00675675675675676,3.77895752895753,1.45846868988155,0.236594387332611,0.279564483937877,0.18801120264828,"MX1",1
"GO:0007015","actin filament organization","1/7","155/3915",0.00645161290322581,3.60829493087558,1.40220262921717,0.246477180050117,0.289973153000137,0.195011184766174,"PRKCE",1
"GO:0043254","regulation of protein-containing complex assembly","1/7","155/3915",0.00645161290322581,3.60829493087558,1.40220262921717,0.246477180050117,0.289973153000137,0.195011184766174,"PRKCE",1
"GO:0043434","response to peptide hormone","1/7","158/3915",0.00632911392405063,3.53978300180832,1.37907127112888,0.250678970654521,0.293636972133279,0.197475156697819,"TLR2",1
"GO:0090066","regulation of anatomical structure size","1/7","158/3915",0.00632911392405063,3.53978300180832,1.37907127112888,0.250678970654521,0.293636972133279,0.197475156697819,"PRKCE",1
"GO:0005975","carbohydrate metabolic process","1/7","159/3915",0.00628930817610063,3.51752021563342,1.37148445701059,0.25207509713986,0.294633230423213,0.19814515496298,"PRKCE",1
"GO:0010720","positive regulation of cell development","1/7","161/3915",0.0062111801242236,3.47382431233363,1.3564906680814,0.254860662378217,0.296605081216029,0.199471253449376,"TLR2",1
"GO:0030099","myeloid cell differentiation","1/7","161/3915",0.0062111801242236,3.47382431233363,1.3564906680814,0.254860662378217,0.296605081216029,0.199471253449376,"TLR2",1
"GO:0045785","positive regulation of cell adhesion","1/7","162/3915",0.00617283950617284,3.45238095238095,1.34908189041921,0.256250107067443,0.297580769497676,0.200127418083232,"PRKCE",1
"GO:0016032","viral process","1/7","164/3915",0.00609756097560976,3.4102787456446,1.33443620420502,0.259022335402789,0.299511908174531,0.201426137076439,"MX1",1
"GO:0050808","synapse organization","1/7","164/3915",0.00609756097560976,3.4102787456446,1.33443620420502,0.259022335402789,0.299511908174531,0.201426137076439,"TLR2",1
"GO:0001819","positive regulation of cytokine production","1/7","165/3915",0.00606060606060606,3.38961038961039,1.32719760474274,0.260405124966153,0.300467451884023,0.20206875419101,"TLR2",1
"GO:0030335","positive regulation of cell migration","1/7","167/3915",0.00598802395209581,3.34901625320787,1.31288479716747,0.263164069653716,0.303003406424321,0.203774220694719,"PRKCE",1
"GO:2000147","positive regulation of cell motility","1/7","170/3915",0.00588235294117647,3.28991596638655,1.29181477679009,0.267285944800992,0.307094489771353,0.206525534056758,"PRKCE",1
"GO:0008285","negative regulation of cell population proliferation","1/7","173/3915",0.00578034682080925,3.23286540049546,1.27120577523438,0.271388040259733,0.309829897970943,0.20836513606233,"TLR2",1
"GO:0040017","positive regulation of locomotion","1/7","173/3915",0.00578034682080925,3.23286540049546,1.27120577523438,0.271388040259733,0.309829897970943,0.20836513606233,"PRKCE",1
"GO:0071407","cellular response to organic cyclic compound","1/7","173/3915",0.00578034682080925,3.23286540049546,1.27120577523438,0.271388040259733,0.309829897970943,0.20836513606233,"SLC1A3",1
"GO:0043408","regulation of MAPK cascade","1/7","174/3915",0.00574712643678161,3.21428571428571,1.26443521133468,0.272751023615741,0.310729014245781,0.208969804902133,"PRKCE",1
"GO:0051493","regulation of cytoskeleton organization","1/7","180/3915",0.00555555555555556,3.10714285714286,1.22480537315446,0.280883119513277,0.319319756920357,0.214747204946439,"PRKCE",1
"GO:0048667","cell morphogenesis involved in neuron differentiation","1/7","182/3915",0.00549450549450549,3.07299843014129,1.21195871334551,0.283576438845622,0.321704363396293,0.216350887664174,"SLC1A3",1
"GO:1903131","mononuclear cell differentiation","1/7","188/3915",0.00531914893617021,2.97492401215805,1.17444253457616,0.291604583990225,0.330118396970066,0.222009448254723,"TLR2",1
"GO:0010638","positive regulation of organelle organization","1/7","190/3915",0.00526315789473684,2.94360902255639,1.16226382706357,0.294263438481941,0.332431499540268,0.223565043550472,"PRKCE",1
"GO:0044089","positive regulation of cellular component biogenesis","1/7","193/3915",0.00518134715025907,2.89785344189489,1.14428787221732,0.298235680140118,0.335515140157633,0.225638836948116,"PRKCE",1
"GO:0051301","cell division","1/7","193/3915",0.00518134715025907,2.89785344189489,1.14428787221732,0.298235680140118,0.335515140157633,0.225638836948116,"PRKCE",1
"GO:0010564","regulation of cell cycle process","1/7","201/3915",0.00497512437810945,2.78251599147122,1.09797554402275,0.308734769033688,0.346604522407883,0.23309660863688,"PRKCE",1
"GO:0072657","protein localization to membrane","1/7","202/3915",0.00495049504950495,2.76874115983027,1.09234454827776,0.310037638343533,0.347345072003129,0.233594639066432,"PRKCE",1
"GO:0002252","immune effector process","1/7","208/3915",0.00480769230769231,2.68887362637363,1.05925294803948,0.317810740711582,0.35531635607506,0.238955444144047,"PRKCE",1
"GO:0060627","regulation of vesicle-mediated transport","1/7","212/3915",0.00471698113207547,2.63814016172507,1.03782537601553,0.322951003346015,0.360317235138116,0.242318608426218,"TLR2",1
"GO:0000165","MAPK cascade","1/7","218/3915",0.00458715596330275,2.56553079947575,1.00657766779179,0.330599138966303,0.368089762972791,0.247545747028485,"PRKCE",1
"GO:0002521","leukocyte differentiation","1/7","220/3915",0.00454545454545455,2.54220779220779,0.996389552865075,0.333132004864735,0.370146672071928,0.248929048469425,"TLR2",1
"GO:1901699","cellular response to nitrogen compound","1/7","227/3915",0.00440528634361234,2.46381371932033,0.961580037458406,0.341932455623398,0.379144817323685,0.254980432703063,"SLC1A3",1
"GO:0032870","cellular response to hormone stimulus","1/7","228/3915",0.0043859649122807,2.45300751879699,0.956711224862657,0.343181499227149,0.3797500196366,0.255387440106485,"PRKCE",1
"GO:0018193","peptidyl-amino acid modification","1/7","229/3915",0.00436681222707424,2.4422956955708,0.951867582164112,0.344428510213157,0.380350502075879,0.255791273325884,"PRKCE",1
"GO:0009896","positive regulation of catabolic process","1/7","232/3915",0.00431034482758621,2.41071428571429,0.937485049248336,0.348157375021887,0.383683637779223,0.258032855816436,"PRKCE",1
"GO:0006954","inflammatory response","1/7","233/3915",0.00429184549356223,2.40036787247088,0.932739481294315,0.349396283079136,0.38426475124793,0.258423663119953,"TLR2",1
"GO:0034330","cell junction organization","1/7","240/3915",0.00416666666666667,2.33035714285714,0.900175830445555,0.35801226471438,0.392940290540173,0.264258090129356,"TLR2",1
"GO:0051129","negative regulation of cellular component organization","1/7","241/3915",0.004149377593361,2.32068761114404,0.895614677697473,0.359235098495876,0.393482663666883,0.2646228439865,"TLR2",1
"GO:0051093","negative regulation of developmental process","1/7","245/3915",0.00408163265306122,2.28279883381924,0.877588087924474,0.364106490724812,0.39772672979668,0.26747704050654,"TLR2",1
"GO:0030036","actin cytoskeleton organization","1/7","246/3915",0.0040650406504065,2.27351916376307,0.873134875199126,0.365319366628062,0.39772672979668,0.26747704050654,"PRKCE",1
"GO:0051668","localization within membrane","1/7","246/3915",0.0040650406504065,2.27351916376307,0.873134875199126,0.365319366628062,0.39772672979668,0.26747704050654,"PRKCE",1
"GO:0001817","regulation of cytokine production","1/7","248/3915",0.00403225806451613,2.25518433179723,0.864291114107394,0.367739170806779,0.399555638301128,0.268707008214209,"TLR2",1
"GO:0001816","cytokine production","1/7","250/3915",0.004,2.23714285714286,0.855529560485846,0.370151062825127,0.400564276403945,0.269385332084524,"TLR2",1
"GO:0097435","supramolecular fiber organization","1/7","250/3915",0.004,2.23714285714286,0.855529560485846,0.370151062825127,0.400564276403945,0.269385332084524,"PRKCE",1
"GO:0051248","negative regulation of protein metabolic process","1/7","257/3915",0.00389105058365759,2.17620900500278,0.825489140244277,0.378530687629789,0.408813142640172,0.274932815225847,"PRKCE",1
"GO:0030155","regulation of cell adhesion","1/7","262/3915",0.00381679389312977,2.13467829880044,0.804601265999599,0.38445746423946,0.414385290797023,0.278680166325483,"PRKCE",1
"GO:0045597","positive regulation of cell differentiation","1/7","263/3915",0.00380228136882129,2.12656165127648,0.800478379793634,0.385636987302784,0.414828631759967,0.278978319604656,"TLR2",1
"GO:0030029","actin filament-based process","1/7","265/3915",0.00377358490566038,2.11051212938005,0.792285968001779,0.387990222442827,0.416530258686137,0.280122688590092,"PRKCE",1
"GO:0016567","protein ubiquitination","1/7","267/3915",0.00374531835205993,2.09470304975923,0.784163632554533,0.390335727278877,0.41821685065594,0.281256946347562,"PRKCE",1
"GO:0060284","regulation of cell development","1/7","270/3915",0.0037037037037037,2.07142857142857,0.772108782190566,0.393839536516432,0.421135345977967,0.283219677119685,"TLR2",1
"GO:0030334","regulation of cell migration","1/7","280/3915",0.00357142857142857,1.99744897959184,0.732992703619102,0.405394540419194,0.432634489775424,0.290953019439613,"PRKCE",1
"GO:0007417","central nervous system development","1/7","283/3915",0.00353356890459364,1.97627460878344,0.721563315101538,0.408824006066864,0.435433852615595,0.292835631875985,"TLR2",1
"GO:0051241","negative regulation of multicellular organismal process","1/7","289/3915",0.00346020761245675,1.93524468610974,0.69910502531065,0.415632102827158,0.441813652611546,0.297126140645192,"TLR2",1
"GO:0032446","protein modification by small protein conjugation","1/7","293/3915",0.00341296928327645,1.90882496343247,0.684418890623574,0.420133403111699,0.445721095639131,0.299753953207603,"PRKCE",1
"GO:2000145","regulation of cell motility","1/7","294/3915",0.00340136054421769,1.90233236151603,0.680782038957768,0.421254072956596,0.446033724306984,0.299964200557329,"PRKCE",1
"GO:0048646","anatomical structure formation involved in morphogenesis","1/7","301/3915",0.00332225913621262,1.85809207403892,0.655700050871292,0.429046910680006,0.453395952577697,0.304915406704299,"TLR2",1
"GO:0040012","regulation of locomotion","1/7","307/3915",0.00325732899022801,1.82177757096324,0.634705643979189,0.435654729183994,0.459479597186243,0.309006746645719,"PRKCE",1
"GO:0000902","cell morphogenesis","1/7","312/3915",0.00320512820512821,1.79258241758242,0.617549469441133,0.441111065945705,0.464327437837584,0.312266990358609,"SLC1A3",1
"GO:0044093","positive regulation of molecular function","1/7","316/3915",0.00316455696202532,1.76989150090416,0.604038049421043,0.445443518300604,0.467975680704915,0.314720487023773,"TLR2",1
"GO:0031399","regulation of protein modification process","1/7","321/3915",0.00311526479750779,1.74232309746328,0.587406309161339,0.450818575975906,0.47270297286794,0.317899660115866,"PRKCE",1
"GO:0030097","hemopoiesis","1/7","322/3915",0.0031055900621118,1.73691215616681,0.5841134426842,0.451888211470666,0.472906267818139,0.318036378942023,"TLR2",1
"GO:0070647","protein modification by small protein conjugation or removal","1/7","327/3915",0.00305810397553517,1.71035386631717,0.567811992563485,0.457209645645242,0.47754972659271,0.321159172854746,"PRKCE",1
"GO:0006629","lipid metabolic process","1/7","336/3915",0.00297619047619048,1.66454081632653,0.539128888151178,0.466676685022463,0.486496930332297,0.327176298176691,"PRKCE",1
"GO:0048666","neuron development","1/7","342/3915",0.00292397660818713,1.63533834586466,0.520455696151344,0.472909109904464,0.49204416059424,0.330906891627705,"SLC1A3",1
"GO:0040011","locomotion","1/7","349/3915",0.00286532951289398,1.60253786328285,0.499101115166157,0.480101275437901,0.49856670910859,0.335293400862502,"PRKCE",1
"GO:0043687","post-translational protein modification","1/7","353/3915",0.0028328611898017,1.58437879401052,0.487098728719358,0.484173190313224,0.501830178059772,0.337488131443706,"PRKCE",1
"GO:0010628","positive regulation of gene expression","1/7","367/3915",0.00272479564032698,1.52393927598287,0.446174078458493,0.498210386895283,0.515390055408913,0.346607347204825,"TLR2",1
"GO:0022402","cell cycle process","1/7","371/3915",0.00269541778975741,1.5075086638429,0.434776149482924,0.502160356609938,0.518482968583875,0.348687376533015,"PRKCE",1
"GO:0044248","cellular catabolic process","1/7","383/3915",0.00261096605744125,1.46027601641179,0.401318830879019,0.513850778311942,0.52954087841307,0.356123982558497,"PRKCE",1
"GO:0071495","cellular response to endogenous stimulus","1/7","386/3915",0.00259067357512953,1.44892672094745,0.393120265533892,0.516736337237571,0.531500232587216,0.35744167688614,"PRKCE",1
"GO:0051094","positive regulation of developmental process","1/7","389/3915",0.0025706940874036,1.43775247888358,0.38498553655339,0.519607203108168,0.533437052620553,0.358744216674641,"TLR2",1
"GO:0051130","positive regulation of cellular component organization","1/7","392/3915",0.00255102040816327,1.42674927113703,0.376913465411365,0.52246343832335,0.535351530729809,0.360031731192561,"PRKCE",1
"GO:0045944","positive regulation of transcription by RNA polymerase II","1/7","395/3915",0.00253164556962025,1.41591320072333,0.368902903940284,0.525305105070551,0.537243857458518,0.361304348583214,"TLR2",1
"GO:2000026","regulation of multicellular organismal development","1/7","397/3915",0.00251889168765743,1.40878013673983,0.363596147982585,0.527191486589384,0.538153880450411,0.361916352349692,"TLR2",1
"GO:0033043","regulation of organelle organization","1/7","401/3915",0.00249376558603491,1.39472746704667,0.3530618630921,0.530944980853076,0.540962810680493,0.363805398995653,"PRKCE",1
"GO:0030182","neuron differentiation","1/7","405/3915",0.00246913580246914,1.38095238095238,0.342631114390664,0.534672905006582,0.543573648809267,0.365561225807402,"SLC1A3",1
"GO:0007155","cell adhesion","1/7","406/3915",0.00246305418719212,1.37755102040816,0.340039316227928,0.53560090776013,0.543573648809267,0.365561225807402,"PRKCE",1
"GO:0042127","regulation of cell population proliferation","1/7","407/3915",0.00245700245700246,1.37416637416637,0.337453798331646,0.53652732373211,0.543573648809267,0.365561225807402,"TLR2",1
"GO:0009894","regulation of catabolic process","1/7","423/3915",0.00236406619385343,1.32218844984802,0.296910247242952,0.551136014631524,0.556286818506585,0.374111018293902,"PRKCE",1
"GO:0016477","cell migration","1/7","423/3915",0.00236406619385343,1.32218844984802,0.296910247242952,0.551136014631524,0.556286818506585,0.374111018293902,"PRKCE",1
"GO:0048699","generation of neurons","1/7","435/3915",0.00229885057471264,1.28571428571429,0.267466327944839,0.561831849595886,0.56602462459287,0.380659835252515,"SLC1A3",1
"GO:0007010","cytoskeleton organization","1/7","444/3915",0.00225225225225225,1.25965250965251,0.245888861413086,0.569709665668227,0.572892401230619,0.385278515447493,"PRKCE",1
"GO:0045595","regulation of cell differentiation","1/7","446/3915",0.00224215246636771,1.25400384368994,0.241150252598997,0.571443706738685,0.573568032786041,0.385732887546168,"TLR2",1
"GO:0048870","cell motility","1/7","454/3915",0.00220264317180617,1.23190685966016,0.22239390205924,0.578320111291407,0.57939306140512,0.389650304453736,"PRKCE",1
"GO:0065003","protein-containing complex assembly","1/7","490/3915",0.00204081632653061,1.14139941690962,0.141611174185874,0.608106561873022,0.608106561873022,0.408960553306418,"PRKCE",1
